university_code,student_code,course_code,term_code,status,source
HUS,26000001,HUS1011,20261,registered,simulated
HUS,26000001,MAT2400,20261,registered,simulated
HUS,26000001,MAT2501,20261,registered,simulated
HUS,26000001,MAT3500,20261,registered,simulated
HUS,26000001,PHI1006,20261,registered,simulated
HUS,26000002,HUS1011,20261,registered,simulated
HUS,26000002,MAT2400,20261,registered,simulated
HUS,26000002,MAT2501,20261,registered,simulated
HUS,26000002,MAT3500,20261,registered,simulated
HUS,26000002,PHI1006,20261,registered,simulated
HUS,26000003,HUS1011,20261,registered,simulated
HUS,26000003,MAT2400,20261,registered,simulated
HUS,26000003,MAT2501,20261,registered,simulated
HUS,26000003,MAT3500,20261,registered,simulated
HUS,26000003,PHI1006,20261,registered,simulated
HUS,26000004,HUS1011,20261,registered,simulated
HUS,26000004,MAT2400,20261,registered,simulated
HUS,26000004,MAT2501,20261,registered,simulated
HUS,26000004,MAT3500,20261,registered,simulated
HUS,26000004,PHI1006,20261,registered,simulated
HUS,26000005,HUS1011,20261,registered,simulated
HUS,26000005,MAT2400,20261,registered,simulated
HUS,26000005,MAT2501,20261,registered,simulated
HUS,26000005,MAT3500,20261,registered,simulated
HUS,26000005,PHI1006,20261,registered,simulated
HUS,26000006,HUS1011,20261,registered,simulated
HUS,26000006,MAT2400,20261,registered,simulated
HUS,26000006,MAT2501,20261,registered,simulated
HUS,26000006,MAT3500,20261,registered,simulated
HUS,26000006,PHI1006,20261,registered,simulated
HUS,26000007,HUS1011,20261,registered,simulated
HUS,26000007,MAT2400,20261,registered,simulated
HUS,26000007,MAT2501,20261,registered,simulated
HUS,26000007,MAT3500,20261,registered,simulated
HUS,26000007,PHI1006,20261,registered,simulated
HUS,26000008,HUS1011,20261,registered,simulated
HUS,26000008,MAT2400,20261,registered,simulated
HUS,26000008,MAT2501,20261,registered,simulated
HUS,26000008,MAT3500,20261,registered,simulated
HUS,26000008,PHI1006,20261,registered,simulated
HUS,26000009,HUS1011,20261,registered,simulated
HUS,26000009,MAT2400,20261,registered,simulated
HUS,26000009,MAT2501,20261,registered,simulated
HUS,26000009,MAT3500,20261,registered,simulated
HUS,26000009,PHI1006,20261,registered,simulated
HUS,26000010,HUS1011,20261,registered,simulated
HUS,26000010,MAT2400,20261,registered,simulated
HUS,26000010,MAT2501,20261,registered,simulated
HUS,26000010,MAT3500,20261,registered,simulated
HUS,26000010,PHI1006,20261,registered,simulated
HUS,26000011,HUS1011,20261,registered,simulated
HUS,26000011,MAT2400,20261,registered,simulated
HUS,26000011,MAT2501,20261,registered,simulated
HUS,26000011,MAT3500,20261,registered,simulated
HUS,26000011,PHI1006,20261,registered,simulated
HUS,26000012,HUS1011,20261,registered,simulated
HUS,26000012,MAT2400,20261,registered,simulated
HUS,26000012,MAT2501,20261,registered,simulated
HUS,26000012,MAT3500,20261,registered,simulated
HUS,26000012,PHI1006,20261,registered,simulated
HUS,26000013,HUS1011,20261,registered,simulated
HUS,26000013,MAT2400,20261,registered,simulated
HUS,26000013,MAT2501,20261,registered,simulated
HUS,26000013,MAT3500,20261,registered,simulated
HUS,26000013,PHI1006,20261,registered,simulated
HUS,26000014,HUS1011,20261,registered,simulated
HUS,26000014,MAT2400,20261,registered,simulated
HUS,26000014,MAT2501,20261,registered,simulated
HUS,26000014,MAT3500,20261,registered,simulated
HUS,26000014,PHI1006,20261,registered,simulated
HUS,26000015,HUS1011,20261,registered,simulated
HUS,26000015,MAT2400,20261,registered,simulated
HUS,26000015,MAT2501,20261,registered,simulated
HUS,26000015,MAT3500,20261,registered,simulated
HUS,26000015,PHI1006,20261,registered,simulated
HUS,26000016,HUS1011,20261,registered,simulated
HUS,26000016,MAT2400,20261,registered,simulated
HUS,26000016,MAT2501,20261,registered,simulated
HUS,26000016,MAT3500,20261,registered,simulated
HUS,26000016,PHI1006,20261,registered,simulated
HUS,26000017,HUS1011,20261,registered,simulated
HUS,26000017,MAT2400,20261,registered,simulated
HUS,26000017,MAT2501,20261,registered,simulated
HUS,26000017,MAT3500,20261,registered,simulated
HUS,26000017,PHI1006,20261,registered,simulated
HUS,26000018,HUS1011,20261,registered,simulated
HUS,26000018,MAT2400,20261,registered,simulated
HUS,26000018,MAT2501,20261,registered,simulated
HUS,26000018,MAT3500,20261,registered,simulated
HUS,26000018,PHI1006,20261,registered,simulated
HUS,26000019,HUS1011,20261,registered,simulated
HUS,26000019,MAT2400,20261,registered,simulated
HUS,26000019,MAT2501,20261,registered,simulated
HUS,26000019,MAT3500,20261,registered,simulated
HUS,26000019,PHI1006,20261,registered,simulated
HUS,26000020,HUS1011,20261,registered,simulated
HUS,26000020,MAT2400,20261,registered,simulated
HUS,26000020,MAT2501,20261,registered,simulated
HUS,26000020,MAT3500,20261,registered,simulated
HUS,26000020,PHI1006,20261,registered,simulated
HUS,26000021,HUS1011,20261,registered,simulated
HUS,26000021,MAT2400,20261,registered,simulated
HUS,26000021,MAT2501,20261,registered,simulated
HUS,26000021,MAT3500,20261,registered,simulated
HUS,26000021,PHI1006,20261,registered,simulated
HUS,26000022,HUS1011,20261,registered,simulated
HUS,26000022,MAT2400,20261,registered,simulated
HUS,26000022,MAT2501,20261,registered,simulated
HUS,26000022,MAT3500,20261,registered,simulated
HUS,26000022,PHI1006,20261,registered,simulated
HUS,26000023,HUS1011,20261,registered,simulated
HUS,26000023,MAT2400,20261,registered,simulated
HUS,26000023,MAT2501,20261,registered,simulated
HUS,26000023,MAT3500,20261,registered,simulated
HUS,26000023,PHI1006,20261,registered,simulated
HUS,26000024,HUS1011,20261,registered,simulated
HUS,26000024,MAT2400,20261,registered,simulated
HUS,26000024,MAT2501,20261,registered,simulated
HUS,26000024,MAT3500,20261,registered,simulated
HUS,26000024,PHI1006,20261,registered,simulated
HUS,26000025,HUS1011,20261,registered,simulated
HUS,26000025,MAT2400,20261,registered,simulated
HUS,26000025,MAT2501,20261,registered,simulated
HUS,26000025,MAT3500,20261,registered,simulated
HUS,26000025,PHI1006,20261,registered,simulated
HUS,25000001,HIS1056,20261,registered,simulated
HUS,25000001,HUS1012,20261,registered,simulated
HUS,25000001,MAT1202,20261,registered,simulated
HUS,25000001,MAT2323,20261,registered,simulated
HUS,25000001,MAT2503,20261,registered,simulated
HUS,25000001,MAT3514,20261,registered,simulated
HUS,25000001,PHI1002,20261,registered,simulated
HUS,25000002,HUS1012,20261,registered,simulated
HUS,25000002,HUS1021,20261,registered,simulated
HUS,25000002,MAT1202,20261,registered,simulated
HUS,25000002,MAT2323,20261,registered,simulated
HUS,25000002,MAT2503,20261,registered,simulated
HUS,25000002,MAT3514,20261,registered,simulated
HUS,25000002,PHI1002,20261,registered,simulated
HUS,25000003,MAT3557,20261,registered,simulated
HUS,25000003,MAT2505,20261,registered,simulated
HUS,25000003,HIS1056,20261,registered,simulated
HUS,25000003,HUS1012,20261,registered,simulated
HUS,25000003,MAT2323,20261,registered,simulated
HUS,25000003,MAT2503,20261,registered,simulated
HUS,25000003,PHI1002,20261,registered,simulated
HUS,25000004,HIS1056,20261,registered,simulated
HUS,25000004,HUS1012,20261,registered,simulated
HUS,25000004,MAT1202,20261,registered,simulated
HUS,25000004,MAT2323,20261,registered,simulated
HUS,25000004,MAT2503,20261,registered,simulated
HUS,25000004,MAT3514,20261,registered,simulated
HUS,25000004,PHI1002,20261,registered,simulated
HUS,25000005,HUS1012,20261,registered,simulated
HUS,25000005,HUS1024,20261,registered,simulated
HUS,25000005,MAT1202,20261,registered,simulated
HUS,25000005,MAT2323,20261,registered,simulated
HUS,25000005,MAT2503,20261,registered,simulated
HUS,25000005,MAT3514,20261,registered,simulated
HUS,25000005,PHI1002,20261,registered,simulated
HUS,25000006,HUS1012,20261,registered,simulated
HUS,25000006,HUS1021,20261,registered,simulated
HUS,25000006,MAT1202,20261,registered,simulated
HUS,25000006,MAT2323,20261,registered,simulated
HUS,25000006,MAT2503,20261,registered,simulated
HUS,25000006,MAT3514,20261,registered,simulated
HUS,25000006,PHI1002,20261,registered,simulated
HUS,25000007,HUS1012,20261,registered,simulated
HUS,25000007,HUS1024,20261,registered,simulated
HUS,25000007,MAT1202,20261,registered,simulated
HUS,25000007,MAT2323,20261,registered,simulated
HUS,25000007,MAT2503,20261,registered,simulated
HUS,25000007,MAT3514,20261,registered,simulated
HUS,25000007,PHI1002,20261,registered,simulated
HUS,25000008,HUS1012,20261,registered,simulated
HUS,25000008,HUS1021,20261,registered,simulated
HUS,25000008,MAT1202,20261,registered,simulated
HUS,25000008,MAT2323,20261,registered,simulated
HUS,25000008,MAT2503,20261,registered,simulated
HUS,25000008,MAT3514,20261,registered,simulated
HUS,25000008,PHI1002,20261,registered,simulated
HUS,25000009,MAT2505,20261,registered,simulated
HUS,25000009,MAT3557,20261,registered,simulated
HUS,25000009,HUS1012,20261,registered,simulated
HUS,25000009,HUS1024,20261,registered,simulated
HUS,25000009,MAT2323,20261,registered,simulated
HUS,25000009,MAT2503,20261,registered,simulated
HUS,25000009,PHI1002,20261,registered,simulated
HUS,25000010,HUS1012,20261,registered,simulated
HUS,25000010,HUS1021,20261,registered,simulated
HUS,25000010,MAT1202,20261,registered,simulated
HUS,25000010,MAT2323,20261,registered,simulated
HUS,25000010,MAT2503,20261,registered,simulated
HUS,25000010,MAT3514,20261,registered,simulated
HUS,25000010,PHI1002,20261,registered,simulated
HUS,25000011,MAT2505,20261,registered,simulated
HUS,25000011,HIS1056,20261,registered,simulated
HUS,25000011,HUS1012,20261,registered,simulated
HUS,25000011,MAT2323,20261,registered,simulated
HUS,25000011,MAT2503,20261,registered,simulated
HUS,25000011,PHI1002,20261,registered,simulated
HUS,25000012,MAT2502,20261,registered,simulated
HUS,25000012,HIS1056,20261,registered,simulated
HUS,25000012,HUS1012,20261,registered,simulated
HUS,25000012,MAT1202,20261,registered,simulated
HUS,25000012,MAT3514,20261,registered,simulated
HUS,25000012,PHI1002,20261,registered,simulated
HUS,25000013,MAT2502,20261,registered,simulated
HUS,25000013,MAT2505,20261,registered,simulated
HUS,25000013,MAT3557,20261,registered,simulated
HUS,25000013,PEC1008,20261,registered,simulated
HUS,25000013,HUS1012,20261,registered,simulated
HUS,25000013,HUS1021,20261,registered,simulated
HUS,25000013,PHI1002,20261,registered,simulated
HUS,25000014,HUS1012,20261,registered,simulated
HUS,25000014,HUS1021,20261,registered,simulated
HUS,25000014,MAT1202,20261,registered,simulated
HUS,25000014,MAT2323,20261,registered,simulated
HUS,25000014,MAT2503,20261,registered,simulated
HUS,25000014,MAT3514,20261,registered,simulated
HUS,25000014,PHI1002,20261,registered,simulated
HUS,25000015,HUS1012,20261,registered,simulated
HUS,25000015,HUS1021,20261,registered,simulated
HUS,25000015,MAT1202,20261,registered,simulated
HUS,25000015,MAT2323,20261,registered,simulated
HUS,25000015,MAT2503,20261,registered,simulated
HUS,25000015,MAT3514,20261,registered,simulated
HUS,25000015,PHI1002,20261,registered,simulated
HUS,25000016,HUS1012,20261,registered,simulated
HUS,25000016,HUS1024,20261,registered,simulated
HUS,25000016,MAT1202,20261,registered,simulated
HUS,25000016,MAT2323,20261,registered,simulated
HUS,25000016,MAT2503,20261,registered,simulated
HUS,25000016,MAT3514,20261,registered,simulated
HUS,25000016,PHI1002,20261,registered,simulated
HUS,25000017,HIS1056,20261,registered,simulated
HUS,25000017,HUS1012,20261,registered,simulated
HUS,25000017,MAT1202,20261,registered,simulated
HUS,25000017,MAT2323,20261,registered,simulated
HUS,25000017,MAT2503,20261,registered,simulated
HUS,25000017,MAT3514,20261,registered,simulated
HUS,25000017,PHI1002,20261,registered,simulated
HUS,25000018,MAT2505,20261,registered,simulated
HUS,25000018,HIS1056,20261,registered,simulated
HUS,25000018,HUS1012,20261,registered,simulated
HUS,25000018,MAT2323,20261,registered,simulated
HUS,25000018,MAT2503,20261,registered,simulated
HUS,25000018,PHI1002,20261,registered,simulated
HUS,25000019,MAT3557,20261,registered,simulated
HUS,25000019,HIS1056,20261,registered,simulated
HUS,25000019,HUS1012,20261,registered,simulated
HUS,25000019,MAT1202,20261,registered,simulated
HUS,25000019,MAT2323,20261,registered,simulated
HUS,25000019,MAT2503,20261,registered,simulated
HUS,25000019,MAT3514,20261,registered,simulated
HUS,25000019,PHI1002,20261,registered,simulated
HUS,25000020,HUS1012,20261,registered,simulated
HUS,25000020,HUS1024,20261,registered,simulated
HUS,25000020,MAT1202,20261,registered,simulated
HUS,25000020,MAT2323,20261,registered,simulated
HUS,25000020,MAT2503,20261,registered,simulated
HUS,25000020,MAT3514,20261,registered,simulated
HUS,25000020,PHI1002,20261,registered,simulated
HUS,25000021,HUS1012,20261,registered,simulated
HUS,25000021,HUS1021,20261,registered,simulated
HUS,25000021,MAT1202,20261,registered,simulated
HUS,25000021,MAT2323,20261,registered,simulated
HUS,25000021,MAT2503,20261,registered,simulated
HUS,25000021,MAT3514,20261,registered,simulated
HUS,25000021,PHI1002,20261,registered,simulated
HUS,25000022,HIS1056,20261,registered,simulated
HUS,25000022,HUS1012,20261,registered,simulated
HUS,25000022,MAT1202,20261,registered,simulated
HUS,25000022,MAT2323,20261,registered,simulated
HUS,25000022,MAT2503,20261,registered,simulated
HUS,25000022,MAT3514,20261,registered,simulated
HUS,25000022,PHI1002,20261,registered,simulated
HUS,25000023,HUS1012,20261,registered,simulated
HUS,25000023,HUS1021,20261,registered,simulated
HUS,25000023,MAT1202,20261,registered,simulated
HUS,25000023,MAT2323,20261,registered,simulated
HUS,25000023,MAT2503,20261,registered,simulated
HUS,25000023,MAT3514,20261,registered,simulated
HUS,25000023,PHI1002,20261,registered,simulated
HUS,25000024,MAT2400,20261,registered,simulated
HUS,25000024,FLF1107,20261,registered,simulated
HUS,25000024,HUS1012,20261,registered,simulated
HUS,25000024,HUS1021,20261,registered,simulated
HUS,25000024,MAT1202,20261,registered,simulated
HUS,25000024,MAT2323,20261,registered,simulated
HUS,25000025,MAT3557,20261,registered,simulated
HUS,25000025,HIS1056,20261,registered,simulated
HUS,25000025,HUS1012,20261,registered,simulated
HUS,25000025,MAT1202,20261,registered,simulated
HUS,25000025,MAT2323,20261,registered,simulated
HUS,25000025,MAT2503,20261,registered,simulated
HUS,25000025,MAT3514,20261,registered,simulated
HUS,25000025,PHI1002,20261,registered,simulated
HUS,24000001,MAT3507,20261,registered,simulated
HUS,24000001,MAT2034,20261,registered,simulated
HUS,24000001,MAT2407,20261,registered,simulated
HUS,24000001,MAT3382,20261,registered,simulated
HUS,24000001,MAT3383,20261,registered,simulated
HUS,24000001,POL1001,20261,registered,simulated
HUS,24000002,MAT1204,20261,registered,simulated
HUS,24000002,MAT1209,20261,registered,simulated
HUS,24000002,MAT2034,20261,registered,simulated
HUS,24000002,MAT2407,20261,registered,simulated
HUS,24000002,MAT3378,20261,registered,simulated
HUS,24000002,MAT3382,20261,registered,simulated
HUS,24000002,POL1001,20261,registered,simulated
HUS,24000003,MAT3148,20261,registered,simulated
HUS,24000003,MAT3379,20261,registered,simulated
HUS,24000003,MAT1204,20261,registered,simulated
HUS,24000003,MAT1209,20261,registered,simulated
HUS,24000003,MAT2034,20261,registered,simulated
HUS,24000003,MAT2407,20261,registered,simulated
HUS,24000003,MAT3378,20261,registered,simulated
HUS,24000004,MAT1204,20261,registered,simulated
HUS,24000004,MAT1209,20261,registered,simulated
HUS,24000004,MAT2034,20261,registered,simulated
HUS,24000004,MAT2407,20261,registered,simulated
HUS,24000004,MAT3378,20261,registered,simulated
HUS,24000004,MAT3383,20261,registered,simulated
HUS,24000004,POL1001,20261,registered,simulated
HUS,24000005,PHI1002,20261,registered,simulated
HUS,24000005,MAT3379,20261,registered,simulated
HUS,24000005,MAT1204,20261,registered,simulated
HUS,24000005,MAT1209,20261,registered,simulated
HUS,24000005,MAT2034,20261,registered,simulated
HUS,24000005,MAT2407,20261,registered,simulated
HUS,24000005,MAT3378,20261,registered,simulated
HUS,24000005,MAT3382,20261,registered,simulated
HUS,24000006,MAT3533,20261,registered,simulated
HUS,24000006,MAT1204,20261,registered,simulated
HUS,24000006,MAT2034,20261,registered,simulated
HUS,24000006,MAT2407,20261,registered,simulated
HUS,24000006,MAT3378,20261,registered,simulated
HUS,24000006,MAT3383,20261,registered,simulated
HUS,24000006,POL1001,20261,registered,simulated
HUS,24000007,MAT3148,20261,registered,simulated
HUS,24000007,MAT3507,20261,registered,simulated
HUS,24000007,MAT1209,20261,registered,simulated
HUS,24000007,MAT2034,20261,registered,simulated
HUS,24000007,MAT2407,20261,registered,simulated
HUS,24000007,MAT3383,20261,registered,simulated
HUS,24000007,POL1001,20261,registered,simulated
HUS,24000008,MAT2400,20261,registered,simulated
HUS,24000008,MAT2502,20261,registered,simulated
HUS,24000008,MAT3514,20261,registered,simulated
HUS,24000008,MAT3378,20261,registered,simulated
HUS,24000008,POL1001,20261,registered,simulated
HUS,24000009,MAT3148,20261,registered,simulated
HUS,24000009,MAT3533,20261,registered,simulated
HUS,24000009,MAT1204,20261,registered,simulated
HUS,24000009,MAT2034,20261,registered,simulated
HUS,24000009,MAT2407,20261,registered,simulated
HUS,24000009,MAT3378,20261,registered,simulated
HUS,24000009,MAT3383,20261,registered,simulated
HUS,24000010,HUS1011,20261,registered,simulated
HUS,24000010,PHI1002,20261,registered,simulated
HUS,24000010,MAT1209,20261,registered,simulated
HUS,24000010,MAT2034,20261,registered,simulated
HUS,24000010,MAT2407,20261,registered,simulated
HUS,24000010,MAT3383,20261,registered,simulated
HUS,24000010,POL1001,20261,registered,simulated
HUS,24000011,MAT3148,20261,registered,simulated
HUS,24000011,MAT3379,20261,registered,simulated
HUS,24000011,MAT3533,20261,registered,simulated
HUS,24000011,MAT1204,20261,registered,simulated
HUS,24000011,MAT2034,20261,registered,simulated
HUS,24000011,MAT2407,20261,registered,simulated
HUS,24000011,MAT3378,20261,registered,simulated
HUS,24000012,MAT1204,20261,registered,simulated
HUS,24000012,MAT1209,20261,registered,simulated
HUS,24000012,MAT2034,20261,registered,simulated
HUS,24000012,MAT2407,20261,registered,simulated
HUS,24000012,MAT3378,20261,registered,simulated
HUS,24000012,MAT3383,20261,registered,simulated
HUS,24000012,POL1001,20261,registered,simulated
HUS,24000013,PHI1002,20261,registered,simulated
HUS,24000013,MAT3148,20261,registered,simulated
HUS,24000013,MAT3507,20261,registered,simulated
HUS,24000013,MAT3533,20261,registered,simulated
HUS,24000013,MAT2034,20261,registered,simulated
HUS,24000013,MAT2407,20261,registered,simulated
HUS,24000013,MAT3383,20261,registered,simulated
HUS,24000014,MAT1204,20261,registered,simulated
HUS,24000014,MAT1209,20261,registered,simulated
HUS,24000014,MAT2034,20261,registered,simulated
HUS,24000014,MAT2407,20261,registered,simulated
HUS,24000014,MAT3378,20261,registered,simulated
HUS,24000014,MAT3382,20261,registered,simulated
HUS,24000014,POL1001,20261,registered,simulated
HUS,24000015,MAT2323,20261,registered,simulated
HUS,24000015,MAT2503,20261,registered,simulated
HUS,24000015,MAT1204,20261,registered,simulated
HUS,24000015,MAT2034,20261,registered,simulated
HUS,24000015,MAT2407,20261,registered,simulated
HUS,24000015,MAT3378,20261,registered,simulated
HUS,24000015,MAT3382,20261,registered,simulated
HUS,24000016,MAT2403,20261,registered,simulated
HUS,24000016,MAT1204,20261,registered,simulated
HUS,24000016,MAT1209,20261,registered,simulated
HUS,24000016,MAT2407,20261,registered,simulated
HUS,24000016,MAT3378,20261,registered,simulated
HUS,24000016,MAT3382,20261,registered,simulated
HUS,24000016,POL1001,20261,registered,simulated
HUS,24000017,MAT1204,20261,registered,simulated
HUS,24000017,MAT1209,20261,registered,simulated
HUS,24000017,MAT2034,20261,registered,simulated
HUS,24000017,MAT2407,20261,registered,simulated
HUS,24000017,MAT3378,20261,registered,simulated
HUS,24000017,MAT3382,20261,registered,simulated
HUS,24000017,POL1001,20261,registered,simulated
HUS,24000018,MAT1204,20261,registered,simulated
HUS,24000018,MAT1209,20261,registered,simulated
HUS,24000018,MAT2034,20261,registered,simulated
HUS,24000018,MAT2407,20261,registered,simulated
HUS,24000018,MAT3378,20261,registered,simulated
HUS,24000018,MAT3382,20261,registered,simulated
HUS,24000018,POL1001,20261,registered,simulated
HUS,24000019,MAT3379,20261,registered,simulated
HUS,24000019,MAT3148,20261,registered,simulated
HUS,24000019,MAT1204,20261,registered,simulated
HUS,24000019,MAT1209,20261,registered,simulated
HUS,24000019,MAT2034,20261,registered,simulated
HUS,24000019,MAT2407,20261,registered,simulated
HUS,24000019,MAT3378,20261,registered,simulated
HUS,24000020,PHI1002,20261,registered,simulated
HUS,24000020,MAT2505,20261,registered,simulated
HUS,24000020,HIS1001,20261,registered,simulated
HUS,24000020,MAT1209,20261,registered,simulated
HUS,24000020,MAT2034,20261,registered,simulated
HUS,24000020,MAT2407,20261,registered,simulated
HUS,24000020,MAT3383,20261,registered,simulated
HUS,24000020,POL1001,20261,registered,simulated
HUS,24000021,MAT1204,20261,registered,simulated
HUS,24000021,MAT1209,20261,registered,simulated
HUS,24000021,MAT2034,20261,registered,simulated
HUS,24000021,MAT2407,20261,registered,simulated
HUS,24000021,MAT3378,20261,registered,simulated
HUS,24000021,MAT3383,20261,registered,simulated
HUS,24000021,POL1001,20261,registered,simulated
HUS,24000022,MAT2505,20261,registered,simulated
HUS,24000022,MAT2502,20261,registered,simulated
HUS,24000022,MAT2403,20261,registered,simulated
HUS,24000022,MAT3383,20261,registered,simulated
HUS,24000022,POL1001,20261,registered,simulated
HUS,24000023,MAT3379,20261,registered,simulated
HUS,24000023,MAT3533,20261,registered,simulated
HUS,24000023,MAT1204,20261,registered,simulated
HUS,24000023,MAT2034,20261,registered,simulated
HUS,24000023,MAT2407,20261,registered,simulated
HUS,24000023,MAT3378,20261,registered,simulated
HUS,24000023,MAT3383,20261,registered,simulated
HUS,24000024,MAT3148,20261,registered,simulated
HUS,24000024,MAT1204,20261,registered,simulated
HUS,24000024,MAT1209,20261,registered,simulated
HUS,24000024,MAT2034,20261,registered,simulated
HUS,24000024,MAT2407,20261,registered,simulated
HUS,24000024,MAT3378,20261,registered,simulated
HUS,24000024,MAT3383,20261,registered,simulated
HUS,24000024,POL1001,20261,registered,simulated
HUS,24000025,MAT1204,20261,registered,simulated
HUS,24000025,MAT1209,20261,registered,simulated
HUS,24000025,MAT2034,20261,registered,simulated
HUS,24000025,MAT2407,20261,registered,simulated
HUS,24000025,MAT3378,20261,registered,simulated
HUS,24000025,MAT3383,20261,registered,simulated
HUS,24000025,POL1001,20261,registered,simulated
HUS,23000001,MAT3381,20261,registered,simulated
HUS,23000001,MAT3394,20261,registered,simulated
HUS,23000001,MAT3399,20261,registered,simulated
HUS,23000001,MAT3504,20261,registered,simulated
HUS,23000001,MAT3508,20261,registered,simulated
HUS,23000001,MAT3562,20261,registered,simulated
HUS,23000002,MAT3500,20261,registered,simulated
HUS,23000002,MAT3514,20261,registered,simulated
HUS,23000002,MAT2034,20261,registered,simulated
HUS,23000002,MAT3381,20261,registered,simulated
HUS,23000002,MAT3534,20261,registered,simulated
HUS,23000002,THL1057,20261,registered,simulated
HUS,23000003,MAT2323,20261,registered,simulated
HUS,23000003,MAT2403,20261,registered,simulated
HUS,23000003,MAT3148,20261,registered,simulated
HUS,23000003,MAT2407,20261,registered,simulated
HUS,23000003,THL1057,20261,registered,simulated
HUS,23000003,MAT3385,20261,registered,simulated
HUS,23000003,MAT3390,20261,registered,simulated
HUS,23000004,MAT3386,20261,registered,simulated
HUS,23000004,MAT3385,20261,registered,simulated
HUS,23000004,MAT3395,20261,registered,simulated
HUS,23000004,MAT3399,20261,registered,simulated
HUS,23000004,MAT3508,20261,registered,simulated
HUS,23000004,MAT3562,20261,registered,simulated
HUS,23000005,MAT2034,20261,registered,simulated
HUS,23000005,MAT3385,20261,registered,simulated
HUS,23000005,MAT3392,20261,registered,simulated
HUS,23000005,MAT3393,20261,registered,simulated
HUS,23000005,MAT3504,20261,registered,simulated
HUS,23000005,MAT3535,20261,registered,simulated
HUS,23000006,MAT3148,20261,registered,simulated
HUS,23000006,MAT3392,20261,registered,simulated
HUS,23000006,MAT3394,20261,registered,simulated
HUS,23000006,MAT3395,20261,registered,simulated
HUS,23000006,MAT3504,20261,registered,simulated
HUS,23000006,MAT3508,20261,registered,simulated
HUS,23000007,MAT3385,20261,registered,simulated
HUS,23000007,MAT3399,20261,registered,simulated
HUS,23000007,MAT3508,20261,registered,simulated
HUS,23000007,MAT3535,20261,registered,simulated
HUS,23000007,MAT3562,20261,registered,simulated
HUS,23000008,MAT3386,20261,registered,simulated
HUS,23000008,MAT3385,20261,registered,simulated
HUS,23000008,MAT3394,20261,registered,simulated
HUS,23000008,MAT3395,20261,registered,simulated
HUS,23000008,MAT3399,20261,registered,simulated
HUS,23000008,MAT3508,20261,registered,simulated
HUS,23000009,MAT3385,20261,registered,simulated
HUS,23000009,MAT3399,20261,registered,simulated
HUS,23000009,MAT3508,20261,registered,simulated
HUS,23000009,MAT3535,20261,registered,simulated
HUS,23000009,MAT3562,20261,registered,simulated
HUS,23000010,MAT3148,20261,registered,simulated
HUS,23000010,MAT3533,20261,registered,simulated
HUS,23000010,MAT3378,20261,registered,simulated
HUS,23000010,MAT2034,20261,registered,simulated
HUS,23000010,POL1001,20261,registered,simulated
HUS,23000010,MAT3387,20261,registered,simulated
HUS,23000010,MAT3389,20261,registered,simulated
HUS,23000011,MAT2400,20261,registered,simulated
HUS,23000011,MAT2323,20261,registered,simulated
HUS,23000011,MAT3381,20261,registered,simulated
HUS,23000011,MAT3385,20261,registered,simulated
HUS,23000011,MAT3508,20261,registered,simulated
HUS,23000012,MAT3383,20261,registered,simulated
HUS,23000012,MAT1202,20261,registered,simulated
HUS,23000012,MAT3514,20261,registered,simulated
HUS,23000012,MAT3379,20261,registered,simulated
HUS,23000012,MAT3507,20261,registered,simulated
HUS,23000012,MAT3394,20261,registered,simulated
HUS,23000013,MAT3385,20261,registered,simulated
HUS,23000013,MAT3392,20261,registered,simulated
HUS,23000013,MAT3399,20261,registered,simulated
HUS,23000013,MAT3508,20261,registered,simulated
HUS,23000013,MAT3562,20261,registered,simulated
HUS,23000014,MAT3381,20261,registered,simulated
HUS,23000014,MAT3386,20261,registered,simulated
HUS,23000014,MAT3385,20261,registered,simulated
HUS,23000014,MAT3390,20261,registered,simulated
HUS,23000014,MAT3391,20261,registered,simulated
HUS,23000014,MAT3508,20261,registered,simulated
HUS,23000014,MAT3535,20261,registered,simulated
HUS,23000015,MAT3387,20261,registered,simulated
HUS,23000015,MAT3385,20261,registered,simulated
HUS,23000015,MAT3391,20261,registered,simulated
HUS,23000015,MAT3393,20261,registered,simulated
HUS,23000015,MAT3508,20261,registered,simulated
HUS,23000015,MAT3535,20261,registered,simulated
HUS,23000016,MAT3388,20261,registered,simulated
HUS,23000016,MAT3394,20261,registered,simulated
HUS,23000016,MAT3395,20261,registered,simulated
HUS,23000016,MAT3399,20261,registered,simulated
HUS,23000016,MAT3504,20261,registered,simulated
HUS,23000016,MAT3508,20261,registered,simulated
HUS,23000017,MAT3385,20261,registered,simulated
HUS,23000017,MAT3394,20261,registered,simulated
HUS,23000017,MAT3395,20261,registered,simulated
HUS,23000017,MAT3508,20261,registered,simulated
HUS,23000017,MAT3562,20261,registered,simulated
HUS,23000018,MAT3381,20261,registered,simulated
HUS,23000018,MAT3388,20261,registered,simulated
HUS,23000018,MAT3387,20261,registered,simulated
HUS,23000018,MAT3385,20261,registered,simulated
HUS,23000018,MAT3395,20261,registered,simulated
HUS,23000018,MAT3399,20261,registered,simulated
HUS,23000018,MAT3504,20261,registered,simulated
HUS,23000019,MAT3385,20261,registered,simulated
HUS,23000019,MAT3394,20261,registered,simulated
HUS,23000019,MAT3395,20261,registered,simulated
HUS,23000019,MAT3504,20261,registered,simulated
HUS,23000019,MAT3562,20261,registered,simulated
HUS,23000020,POL1001,20261,registered,simulated
HUS,23000020,MAT3389,20261,registered,simulated
HUS,23000020,MAT3394,20261,registered,simulated
HUS,23000020,MAT3395,20261,registered,simulated
HUS,23000020,MAT3399,20261,registered,simulated
HUS,23000020,MAT3504,20261,registered,simulated
HUS,23000020,MAT3508,20261,registered,simulated
HUS,23000021,THL1057,20261,registered,simulated
HUS,23000021,MAT3385,20261,registered,simulated
HUS,23000021,MAT3391,20261,registered,simulated
HUS,23000021,MAT3393,20261,registered,simulated
HUS,23000021,MAT3504,20261,registered,simulated
HUS,23000021,MAT3535,20261,registered,simulated
HUS,23000022,MAT3385,20261,registered,simulated
HUS,23000022,MAT3392,20261,registered,simulated
HUS,23000022,MAT3394,20261,registered,simulated
HUS,23000022,MAT3395,20261,registered,simulated
HUS,23000022,MAT3504,20261,registered,simulated
HUS,23000023,MAT2502,20261,registered,simulated
HUS,23000023,MAT3557,20261,registered,simulated
HUS,23000023,MAT3148,20261,registered,simulated
HUS,23000023,MAT1204,20261,registered,simulated
HUS,23000023,MAT3378,20261,registered,simulated
HUS,23000023,THL1057,20261,registered,simulated
HUS,23000023,MAT3385,20261,registered,simulated
HUS,23000024,MAT3385,20261,registered,simulated
HUS,23000024,MAT3394,20261,registered,simulated
HUS,23000024,MAT3399,20261,registered,simulated
HUS,23000024,MAT3504,20261,registered,simulated
HUS,23000024,MAT3562,20261,registered,simulated
HUS,23000025,MAT3385,20261,registered,simulated
HUS,23000025,MAT3391,20261,registered,simulated
HUS,23000025,MAT3399,20261,registered,simulated
HUS,23000025,MAT3508,20261,registered,simulated
HUS,23000025,MAT3562,20261,registered,simulated
HUS,26000026,HUS1011,20261,registered,simulated
HUS,26000026,MAT2400,20261,registered,simulated
HUS,26000026,MAT2501,20261,registered,simulated
HUS,26000026,MAT3500,20261,registered,simulated
HUS,26000026,PHI1006,20261,registered,simulated
HUS,26000027,HUS1011,20261,registered,simulated
HUS,26000027,MAT2400,20261,registered,simulated
HUS,26000027,MAT2501,20261,registered,simulated
HUS,26000027,MAT3500,20261,registered,simulated
HUS,26000027,PHI1006,20261,registered,simulated
HUS,26000028,HUS1011,20261,registered,simulated
HUS,26000028,MAT2400,20261,registered,simulated
HUS,26000028,MAT2501,20261,registered,simulated
HUS,26000028,MAT3500,20261,registered,simulated
HUS,26000028,PHI1006,20261,registered,simulated
HUS,26000029,HUS1011,20261,registered,simulated
HUS,26000029,MAT2400,20261,registered,simulated
HUS,26000029,MAT2501,20261,registered,simulated
HUS,26000029,MAT3500,20261,registered,simulated
HUS,26000029,PHI1006,20261,registered,simulated
HUS,26000030,HUS1011,20261,registered,simulated
HUS,26000030,MAT2400,20261,registered,simulated
HUS,26000030,MAT2501,20261,registered,simulated
HUS,26000030,MAT3500,20261,registered,simulated
HUS,26000030,PHI1006,20261,registered,simulated
HUS,26000031,HUS1011,20261,registered,simulated
HUS,26000031,MAT2400,20261,registered,simulated
HUS,26000031,MAT2501,20261,registered,simulated
HUS,26000031,MAT3500,20261,registered,simulated
HUS,26000031,PHI1006,20261,registered,simulated
HUS,26000032,HUS1011,20261,registered,simulated
HUS,26000032,MAT2400,20261,registered,simulated
HUS,26000032,MAT2501,20261,registered,simulated
HUS,26000032,MAT3500,20261,registered,simulated
HUS,26000032,PHI1006,20261,registered,simulated
HUS,26000033,HUS1011,20261,registered,simulated
HUS,26000033,MAT2400,20261,registered,simulated
HUS,26000033,MAT2501,20261,registered,simulated
HUS,26000033,MAT3500,20261,registered,simulated
HUS,26000033,PHI1006,20261,registered,simulated
HUS,26000034,HUS1011,20261,registered,simulated
HUS,26000034,MAT2400,20261,registered,simulated
HUS,26000034,MAT2501,20261,registered,simulated
HUS,26000034,MAT3500,20261,registered,simulated
HUS,26000034,PHI1006,20261,registered,simulated
HUS,26000035,HUS1011,20261,registered,simulated
HUS,26000035,MAT2400,20261,registered,simulated
HUS,26000035,MAT2501,20261,registered,simulated
HUS,26000035,MAT3500,20261,registered,simulated
HUS,26000035,PHI1006,20261,registered,simulated
HUS,26000036,HUS1011,20261,registered,simulated
HUS,26000036,MAT2400,20261,registered,simulated
HUS,26000036,MAT2501,20261,registered,simulated
HUS,26000036,MAT3500,20261,registered,simulated
HUS,26000036,PHI1006,20261,registered,simulated
HUS,26000037,HUS1011,20261,registered,simulated
HUS,26000037,MAT2400,20261,registered,simulated
HUS,26000037,MAT2501,20261,registered,simulated
HUS,26000037,MAT3500,20261,registered,simulated
HUS,26000037,PHI1006,20261,registered,simulated
HUS,26000038,HUS1011,20261,registered,simulated
HUS,26000038,MAT2400,20261,registered,simulated
HUS,26000038,MAT2501,20261,registered,simulated
HUS,26000038,MAT3500,20261,registered,simulated
HUS,26000038,PHI1006,20261,registered,simulated
HUS,26000039,HUS1011,20261,registered,simulated
HUS,26000039,MAT2400,20261,registered,simulated
HUS,26000039,MAT2501,20261,registered,simulated
HUS,26000039,MAT3500,20261,registered,simulated
HUS,26000039,PHI1006,20261,registered,simulated
HUS,26000040,HUS1011,20261,registered,simulated
HUS,26000040,MAT2400,20261,registered,simulated
HUS,26000040,MAT2501,20261,registered,simulated
HUS,26000040,MAT3500,20261,registered,simulated
HUS,26000040,PHI1006,20261,registered,simulated
HUS,26000041,HUS1011,20261,registered,simulated
HUS,26000041,MAT2400,20261,registered,simulated
HUS,26000041,MAT2501,20261,registered,simulated
HUS,26000041,MAT3500,20261,registered,simulated
HUS,26000041,PHI1006,20261,registered,simulated
HUS,26000042,HUS1011,20261,registered,simulated
HUS,26000042,MAT2400,20261,registered,simulated
HUS,26000042,MAT2501,20261,registered,simulated
HUS,26000042,MAT3500,20261,registered,simulated
HUS,26000042,PHI1006,20261,registered,simulated
HUS,26000043,HUS1011,20261,registered,simulated
HUS,26000043,MAT2400,20261,registered,simulated
HUS,26000043,MAT2501,20261,registered,simulated
HUS,26000043,MAT3500,20261,registered,simulated
HUS,26000043,PHI1006,20261,registered,simulated
HUS,26000044,HUS1011,20261,registered,simulated
HUS,26000044,MAT2400,20261,registered,simulated
HUS,26000044,MAT2501,20261,registered,simulated
HUS,26000044,MAT3500,20261,registered,simulated
HUS,26000044,PHI1006,20261,registered,simulated
HUS,26000045,HUS1011,20261,registered,simulated
HUS,26000045,MAT2400,20261,registered,simulated
HUS,26000045,MAT2501,20261,registered,simulated
HUS,26000045,MAT3500,20261,registered,simulated
HUS,26000045,PHI1006,20261,registered,simulated
HUS,26000046,HUS1011,20261,registered,simulated
HUS,26000046,MAT2400,20261,registered,simulated
HUS,26000046,MAT2501,20261,registered,simulated
HUS,26000046,MAT3500,20261,registered,simulated
HUS,26000046,PHI1006,20261,registered,simulated
HUS,26000047,HUS1011,20261,registered,simulated
HUS,26000047,MAT2400,20261,registered,simulated
HUS,26000047,MAT2501,20261,registered,simulated
HUS,26000047,MAT3500,20261,registered,simulated
HUS,26000047,PHI1006,20261,registered,simulated
HUS,26000048,HUS1011,20261,registered,simulated
HUS,26000048,MAT2400,20261,registered,simulated
HUS,26000048,MAT2501,20261,registered,simulated
HUS,26000048,MAT3500,20261,registered,simulated
HUS,26000048,PHI1006,20261,registered,simulated
HUS,26000049,HUS1011,20261,registered,simulated
HUS,26000049,MAT2400,20261,registered,simulated
HUS,26000049,MAT2501,20261,registered,simulated
HUS,26000049,MAT3500,20261,registered,simulated
HUS,26000049,PHI1006,20261,registered,simulated
HUS,26000050,HUS1011,20261,registered,simulated
HUS,26000050,MAT2400,20261,registered,simulated
HUS,26000050,MAT2501,20261,registered,simulated
HUS,26000050,MAT3500,20261,registered,simulated
HUS,26000050,PHI1006,20261,registered,simulated
HUS,25000026,HIS1056,20261,registered,simulated
HUS,25000026,HUS1012,20261,registered,simulated
HUS,25000026,MAT1202,20261,registered,simulated
HUS,25000026,MAT2323,20261,registered,simulated
HUS,25000026,MAT2503,20261,registered,simulated
HUS,25000026,MAT3514,20261,registered,simulated
HUS,25000026,PHI1002,20261,registered,simulated
HUS,25000027,PEC1008,20261,registered,simulated
HUS,25000027,HUS1012,20261,registered,simulated
HUS,25000027,HUS1021,20261,registered,simulated
HUS,25000027,MAT1202,20261,registered,simulated
HUS,25000027,MAT2323,20261,registered,simulated
HUS,25000027,MAT2503,20261,registered,simulated
HUS,25000027,MAT3514,20261,registered,simulated
HUS,25000027,PHI1002,20261,registered,simulated
HUS,25000028,MAT3557,20261,registered,simulated
HUS,25000028,HUS1012,20261,registered,simulated
HUS,25000028,HUS1024,20261,registered,simulated
HUS,25000028,MAT1202,20261,registered,simulated
HUS,25000028,MAT2323,20261,registered,simulated
HUS,25000028,MAT2503,20261,registered,simulated
HUS,25000028,MAT3514,20261,registered,simulated
HUS,25000028,PHI1002,20261,registered,simulated
HUS,25000029,HUS1012,20261,registered,simulated
HUS,25000029,HUS1021,20261,registered,simulated
HUS,25000029,MAT1202,20261,registered,simulated
HUS,25000029,MAT2323,20261,registered,simulated
HUS,25000029,MAT2503,20261,registered,simulated
HUS,25000029,MAT3514,20261,registered,simulated
HUS,25000029,PHI1002,20261,registered,simulated
HUS,25000030,HIS1056,20261,registered,simulated
HUS,25000030,HUS1012,20261,registered,simulated
HUS,25000030,MAT1202,20261,registered,simulated
HUS,25000030,MAT2323,20261,registered,simulated
HUS,25000030,MAT2503,20261,registered,simulated
HUS,25000030,MAT3514,20261,registered,simulated
HUS,25000030,PHI1002,20261,registered,simulated
HUS,25000031,MAT3557,20261,registered,simulated
HUS,25000031,HIS1056,20261,registered,simulated
HUS,25000031,HUS1012,20261,registered,simulated
HUS,25000031,MAT1202,20261,registered,simulated
HUS,25000031,MAT2323,20261,registered,simulated
HUS,25000031,MAT2503,20261,registered,simulated
HUS,25000031,MAT3514,20261,registered,simulated
HUS,25000031,PHI1002,20261,registered,simulated
HUS,25000032,MAT2505,20261,registered,simulated
HUS,25000032,MAT3557,20261,registered,simulated
HUS,25000032,PEC1008,20261,registered,simulated
HUS,25000032,HIS1056,20261,registered,simulated
HUS,25000032,HUS1012,20261,registered,simulated
HUS,25000032,MAT2323,20261,registered,simulated
HUS,25000032,MAT2503,20261,registered,simulated
HUS,25000032,PHI1002,20261,registered,simulated
HUS,25000033,HUS1012,20261,registered,simulated
HUS,25000033,HUS1024,20261,registered,simulated
HUS,25000033,MAT1202,20261,registered,simulated
HUS,25000033,MAT2323,20261,registered,simulated
HUS,25000033,MAT2503,20261,registered,simulated
HUS,25000033,MAT3514,20261,registered,simulated
HUS,25000033,PHI1002,20261,registered,simulated
HUS,25000034,HUS1012,20261,registered,simulated
HUS,25000034,HUS1021,20261,registered,simulated
HUS,25000034,MAT1202,20261,registered,simulated
HUS,25000034,MAT2323,20261,registered,simulated
HUS,25000034,MAT2503,20261,registered,simulated
HUS,25000034,MAT3514,20261,registered,simulated
HUS,25000034,PHI1002,20261,registered,simulated
HUS,25000035,HUS1012,20261,registered,simulated
HUS,25000035,HUS1021,20261,registered,simulated
HUS,25000035,MAT1202,20261,registered,simulated
HUS,25000035,MAT2323,20261,registered,simulated
HUS,25000035,MAT2503,20261,registered,simulated
HUS,25000035,MAT3514,20261,registered,simulated
HUS,25000035,PHI1002,20261,registered,simulated
HUS,25000036,MAT2502,20261,registered,simulated
HUS,25000036,HUS1012,20261,registered,simulated
HUS,25000036,HUS1024,20261,registered,simulated
HUS,25000036,MAT1202,20261,registered,simulated
HUS,25000036,MAT3514,20261,registered,simulated
HUS,25000036,PHI1002,20261,registered,simulated
HUS,25000037,MAT2505,20261,registered,simulated
HUS,25000037,HUS1012,20261,registered,simulated
HUS,25000037,HUS1024,20261,registered,simulated
HUS,25000037,MAT2323,20261,registered,simulated
HUS,25000037,MAT2503,20261,registered,simulated
HUS,25000037,PHI1002,20261,registered,simulated
HUS,25000038,MAT2505,20261,registered,simulated
HUS,25000038,HUS1012,20261,registered,simulated
HUS,25000038,HUS1021,20261,registered,simulated
HUS,25000038,MAT2323,20261,registered,simulated
HUS,25000038,MAT2503,20261,registered,simulated
HUS,25000038,PHI1002,20261,registered,simulated
HUS,25000039,MAT2502,20261,registered,simulated
HUS,25000039,HUS1012,20261,registered,simulated
HUS,25000039,HUS1024,20261,registered,simulated
HUS,25000039,MAT1202,20261,registered,simulated
HUS,25000039,MAT3514,20261,registered,simulated
HUS,25000039,PHI1002,20261,registered,simulated
HUS,25000040,MAT2505,20261,registered,simulated
HUS,25000040,HIS1056,20261,registered,simulated
HUS,25000040,HUS1012,20261,registered,simulated
HUS,25000040,MAT2323,20261,registered,simulated
HUS,25000040,MAT2503,20261,registered,simulated
HUS,25000040,PHI1002,20261,registered,simulated
HUS,25000041,PEC1008,20261,registered,simulated
HUS,25000041,HUS1012,20261,registered,simulated
HUS,25000041,HUS1024,20261,registered,simulated
HUS,25000041,MAT1202,20261,registered,simulated
HUS,25000041,MAT2323,20261,registered,simulated
HUS,25000041,MAT2503,20261,registered,simulated
HUS,25000041,MAT3514,20261,registered,simulated
HUS,25000041,PHI1002,20261,registered,simulated
HUS,25000042,HUS1022,20261,registered,simulated
HUS,25000042,HUS1012,20261,registered,simulated
HUS,25000042,HUS1024,20261,registered,simulated
HUS,25000042,MAT1202,20261,registered,simulated
HUS,25000042,MAT2323,20261,registered,simulated
HUS,25000042,MAT2503,20261,registered,simulated
HUS,25000042,MAT3514,20261,registered,simulated
HUS,25000042,PHI1002,20261,registered,simulated
HUS,25000043,MAT3557,20261,registered,simulated
HUS,25000043,HUS1012,20261,registered,simulated
HUS,25000043,HUS1021,20261,registered,simulated
HUS,25000043,MAT1202,20261,registered,simulated
HUS,25000043,MAT2323,20261,registered,simulated
HUS,25000043,MAT2503,20261,registered,simulated
HUS,25000043,MAT3514,20261,registered,simulated
HUS,25000043,PHI1002,20261,registered,simulated
HUS,25000044,FLF1107,20261,registered,simulated
HUS,25000044,HUS1012,20261,registered,simulated
HUS,25000044,HUS1021,20261,registered,simulated
HUS,25000044,MAT1202,20261,registered,simulated
HUS,25000044,MAT2323,20261,registered,simulated
HUS,25000044,MAT2503,20261,registered,simulated
HUS,25000044,MAT3514,20261,registered,simulated
HUS,25000045,HUS1012,20261,registered,simulated
HUS,25000045,HUS1021,20261,registered,simulated
HUS,25000045,MAT1202,20261,registered,simulated
HUS,25000045,MAT2323,20261,registered,simulated
HUS,25000045,MAT2503,20261,registered,simulated
HUS,25000045,MAT3514,20261,registered,simulated
HUS,25000045,PHI1002,20261,registered,simulated
HUS,25000046,HIS1056,20261,registered,simulated
HUS,25000046,HUS1012,20261,registered,simulated
HUS,25000046,MAT1202,20261,registered,simulated
HUS,25000046,MAT2323,20261,registered,simulated
HUS,25000046,MAT2503,20261,registered,simulated
HUS,25000046,MAT3514,20261,registered,simulated
HUS,25000046,PHI1002,20261,registered,simulated
HUS,25000047,HUS1023,20261,registered,simulated
HUS,25000047,HUS1012,20261,registered,simulated
HUS,25000047,HUS1021,20261,registered,simulated
HUS,25000047,MAT1202,20261,registered,simulated
HUS,25000047,MAT2323,20261,registered,simulated
HUS,25000047,MAT2503,20261,registered,simulated
HUS,25000047,MAT3514,20261,registered,simulated
HUS,25000047,PHI1002,20261,registered,simulated
HUS,25000048,HUS1011,20261,registered,simulated
HUS,25000048,HUS1023,20261,registered,simulated
HUS,25000048,PEC1008,20261,registered,simulated
HUS,25000048,HUS1012,20261,registered,simulated
HUS,25000048,HUS1021,20261,registered,simulated
HUS,25000048,MAT2323,20261,registered,simulated
HUS,25000048,MAT2503,20261,registered,simulated
HUS,25000048,PHI1002,20261,registered,simulated
HUS,25000049,MAT2505,20261,registered,simulated
HUS,25000049,PEC1008,20261,registered,simulated
HUS,25000049,HIS1056,20261,registered,simulated
HUS,25000049,HUS1012,20261,registered,simulated
HUS,25000049,MAT2323,20261,registered,simulated
HUS,25000049,MAT2503,20261,registered,simulated
HUS,25000049,PHI1002,20261,registered,simulated
HUS,25000050,MAT2505,20261,registered,simulated
HUS,25000050,HUS1012,20261,registered,simulated
HUS,25000050,HUS1021,20261,registered,simulated
HUS,25000050,MAT2323,20261,registered,simulated
HUS,25000050,MAT2503,20261,registered,simulated
HUS,25000050,PHI1002,20261,registered,simulated
HUS,24000026,MAT3505,20261,registered,simulated
HUS,24000026,MAT1206E,20261,registered,simulated
HUS,24000026,MAT2407,20261,registered,simulated
HUS,24000026,MAT3506,20261,registered,simulated
HUS,24000026,MAT3533,20261,registered,simulated
HUS,24000026,MAT3552E,20261,registered,simulated
HUS,24000026,POL1001,20261,registered,simulated
HUS,24000027,MAT1206E,20261,registered,simulated
HUS,24000027,MAT2407,20261,registered,simulated
HUS,24000027,MAT3506,20261,registered,simulated
HUS,24000027,MAT3533,20261,registered,simulated
HUS,24000027,MAT3552E,20261,registered,simulated
HUS,24000027,POL1001,20261,registered,simulated
HUS,24000028,MAT3550E,20261,registered,simulated
HUS,24000028,MAT1206E,20261,registered,simulated
HUS,24000028,MAT2407,20261,registered,simulated
HUS,24000028,MAT3506,20261,registered,simulated
HUS,24000028,MAT3533,20261,registered,simulated
HUS,24000028,MAT3552E,20261,registered,simulated
HUS,24000028,POL1001,20261,registered,simulated
HUS,24000029,MAT1205E,20261,registered,simulated
HUS,24000029,MAT3507,20261,registered,simulated
HUS,24000029,MAT3550E,20261,registered,simulated
HUS,24000029,MAT2407,20261,registered,simulated
HUS,24000029,MAT3506,20261,registered,simulated
HUS,24000029,MAT3533,20261,registered,simulated
HUS,24000029,MAT3552E,20261,registered,simulated
HUS,24000030,MAT1206E,20261,registered,simulated
HUS,24000030,MAT2407,20261,registered,simulated
HUS,24000030,MAT3506,20261,registered,simulated
HUS,24000030,MAT3533,20261,registered,simulated
HUS,24000030,MAT3552E,20261,registered,simulated
HUS,24000030,POL1001,20261,registered,simulated
HUS,24000031,MAT3550E,20261,registered,simulated
HUS,24000031,MAT3507,20261,registered,simulated
HUS,24000031,MAT2407,20261,registered,simulated
HUS,24000031,MAT3506,20261,registered,simulated
HUS,24000031,MAT3533,20261,registered,simulated
HUS,24000031,MAT3552E,20261,registered,simulated
HUS,24000031,POL1001,20261,registered,simulated
HUS,24000032,MAT3550E,20261,registered,simulated
HUS,24000032,MAT1206E,20261,registered,simulated
HUS,24000032,MAT2407,20261,registered,simulated
HUS,24000032,MAT3506,20261,registered,simulated
HUS,24000032,MAT3533,20261,registered,simulated
HUS,24000032,MAT3552E,20261,registered,simulated
HUS,24000032,POL1001,20261,registered,simulated
HUS,24000033,MAT3550E,20261,registered,simulated
HUS,24000033,MAT1206E,20261,registered,simulated
HUS,24000033,MAT2407,20261,registered,simulated
HUS,24000033,MAT3506,20261,registered,simulated
HUS,24000033,MAT3533,20261,registered,simulated
HUS,24000033,MAT3552E,20261,registered,simulated
HUS,24000033,POL1001,20261,registered,simulated
HUS,24000034,MAT3514,20261,registered,simulated
HUS,24000034,MAT1206E,20261,registered,simulated
HUS,24000034,MAT2407,20261,registered,simulated
HUS,24000034,MAT3506,20261,registered,simulated
HUS,24000034,MAT3533,20261,registered,simulated
HUS,24000034,POL1001,20261,registered,simulated
HUS,24000035,MAT1206E,20261,registered,simulated
HUS,24000035,MAT2407,20261,registered,simulated
HUS,24000035,MAT3506,20261,registered,simulated
HUS,24000035,MAT3533,20261,registered,simulated
HUS,24000035,MAT3552E,20261,registered,simulated
HUS,24000035,POL1001,20261,registered,simulated
HUS,24000036,MAT3507,20261,registered,simulated
HUS,24000036,MAT3550E,20261,registered,simulated
HUS,24000036,MAT2407,20261,registered,simulated
HUS,24000036,MAT3506,20261,registered,simulated
HUS,24000036,MAT3533,20261,registered,simulated
HUS,24000036,MAT3552E,20261,registered,simulated
HUS,24000036,POL1001,20261,registered,simulated
HUS,24000037,MAT1206E,20261,registered,simulated
HUS,24000037,MAT2407,20261,registered,simulated
HUS,24000037,MAT3506,20261,registered,simulated
HUS,24000037,MAT3533,20261,registered,simulated
HUS,24000037,MAT3552E,20261,registered,simulated
HUS,24000037,POL1001,20261,registered,simulated
HUS,24000038,MAT1206E,20261,registered,simulated
HUS,24000038,MAT2407,20261,registered,simulated
HUS,24000038,MAT3506,20261,registered,simulated
HUS,24000038,MAT3533,20261,registered,simulated
HUS,24000038,MAT3552E,20261,registered,simulated
HUS,24000038,POL1001,20261,registered,simulated
HUS,24000039,MAT2505,20261,registered,simulated
HUS,24000039,MAT2503,20261,registered,simulated
HUS,24000039,MAT2407,20261,registered,simulated
HUS,24000039,MAT3533,20261,registered,simulated
HUS,24000039,POL1001,20261,registered,simulated
HUS,24000040,HUS1012,20261,registered,simulated
HUS,24000040,PHI1002,20261,registered,simulated
HUS,24000040,MAT2403,20261,registered,simulated
HUS,24000040,MAT3505,20261,registered,simulated
HUS,24000040,MAT3507,20261,registered,simulated
HUS,24000040,MAT3550E,20261,registered,simulated
HUS,24000040,MAT2407,20261,registered,simulated
HUS,24000040,MAT3506,20261,registered,simulated
HUS,24000041,HIS1001,20261,registered,simulated
HUS,24000041,MAT1206E,20261,registered,simulated
HUS,24000041,MAT2407,20261,registered,simulated
HUS,24000041,MAT3506,20261,registered,simulated
HUS,24000041,MAT3533,20261,registered,simulated
HUS,24000041,MAT3552E,20261,registered,simulated
HUS,24000041,POL1001,20261,registered,simulated
HUS,24000042,MAT1206E,20261,registered,simulated
HUS,24000042,MAT2407,20261,registered,simulated
HUS,24000042,MAT3506,20261,registered,simulated
HUS,24000042,MAT3533,20261,registered,simulated
HUS,24000042,MAT3552E,20261,registered,simulated
HUS,24000042,POL1001,20261,registered,simulated
HUS,24000043,MAT1206E,20261,registered,simulated
HUS,24000043,MAT2407,20261,registered,simulated
HUS,24000043,MAT3506,20261,registered,simulated
HUS,24000043,MAT3533,20261,registered,simulated
HUS,24000043,MAT3552E,20261,registered,simulated
HUS,24000043,POL1001,20261,registered,simulated
HUS,24000044,PEC1008,20261,registered,simulated
HUS,24000044,MAT3507,20261,registered,simulated
HUS,24000044,MAT3550E,20261,registered,simulated
HUS,24000044,MAT2407,20261,registered,simulated
HUS,24000044,MAT3506,20261,registered,simulated
HUS,24000044,MAT3533,20261,registered,simulated
HUS,24000044,MAT3552E,20261,registered,simulated
HUS,24000045,HIS1001,20261,registered,simulated
HUS,24000045,MAT1206E,20261,registered,simulated
HUS,24000045,MAT2407,20261,registered,simulated
HUS,24000045,MAT3506,20261,registered,simulated
HUS,24000045,MAT3533,20261,registered,simulated
HUS,24000045,MAT3552E,20261,registered,simulated
HUS,24000045,POL1001,20261,registered,simulated
HUS,24000046,MAT2403,20261,registered,simulated
HUS,24000046,MAT3507,20261,registered,simulated
HUS,24000046,MAT2407,20261,registered,simulated
HUS,24000046,MAT3506,20261,registered,simulated
HUS,24000046,MAT3533,20261,registered,simulated
HUS,24000046,MAT3552E,20261,registered,simulated
HUS,24000046,POL1001,20261,registered,simulated
HUS,24000047,MAT3507,20261,registered,simulated
HUS,24000047,MAT3550E,20261,registered,simulated
HUS,24000047,MAT2407,20261,registered,simulated
HUS,24000047,MAT3506,20261,registered,simulated
HUS,24000047,MAT3533,20261,registered,simulated
HUS,24000047,MAT3552E,20261,registered,simulated
HUS,24000047,POL1001,20261,registered,simulated
HUS,24000048,MAT1206E,20261,registered,simulated
HUS,24000048,MAT2407,20261,registered,simulated
HUS,24000048,MAT3506,20261,registered,simulated
HUS,24000048,MAT3533,20261,registered,simulated
HUS,24000048,MAT3552E,20261,registered,simulated
HUS,24000048,POL1001,20261,registered,simulated
HUS,24000049,HUS1012,20261,registered,simulated
HUS,24000049,MAT3507,20261,registered,simulated
HUS,24000049,MAT2407,20261,registered,simulated
HUS,24000049,MAT3506,20261,registered,simulated
HUS,24000049,MAT3533,20261,registered,simulated
HUS,24000049,MAT3552E,20261,registered,simulated
HUS,24000049,POL1001,20261,registered,simulated
HUS,24000050,MAT3507,20261,registered,simulated
HUS,24000050,MAT2407,20261,registered,simulated
HUS,24000050,MAT3506,20261,registered,simulated
HUS,24000050,MAT3533,20261,registered,simulated
HUS,24000050,MAT3552E,20261,registered,simulated
HUS,24000050,POL1001,20261,registered,simulated
HUS,23000026,MAT3374,20261,registered,simulated
HUS,23000026,MAT3148,20261,registered,simulated
HUS,23000026,MAT3453,20261,registered,simulated
HUS,23000026,MAT3534,20261,registered,simulated
HUS,23000026,MAT3535,20261,registered,simulated
HUS,23000027,HIS1001,20261,registered,simulated
HUS,23000027,MAT1204,20261,registered,simulated
HUS,23000027,MAT3560,20261,registered,simulated
HUS,23000027,THL1057,20261,registered,simulated
HUS,23000027,MAT1207,20261,registered,simulated
HUS,23000027,MAT3452,20261,registered,simulated
HUS,23000027,MAT3453,20261,registered,simulated
HUS,23000027,MAT3534,20261,registered,simulated
HUS,23000028,MAT3558,20261,registered,simulated
HUS,23000028,MAT1207,20261,registered,simulated
HUS,23000028,MAT2034,20261,registered,simulated
HUS,23000028,MAT3538,20261,registered,simulated
HUS,23000028,MAT3554E,20261,registered,simulated
HUS,23000028,MAT3562E,20261,registered,simulated
HUS,23000029,POL1001,20261,registered,simulated
HUS,23000029,MAT1202,20261,registered,simulated
HUS,23000029,MAT3514,20261,registered,simulated
HUS,23000029,MAT3505,20261,registered,simulated
HUS,23000029,MAT3507,20261,registered,simulated
HUS,23000029,MAT3550E,20261,registered,simulated
HUS,23000029,MAT3560,20261,registered,simulated
HUS,23000030,MAT1208,20261,registered,simulated
HUS,23000030,THL1057,20261,registered,simulated
HUS,23000030,MAT1207,20261,registered,simulated
HUS,23000030,MAT3452,20261,registered,simulated
HUS,23000030,MAT3453,20261,registered,simulated
HUS,23000030,MAT3534,20261,registered,simulated
HUS,23000030,MAT3535,20261,registered,simulated
HUS,23000031,MAT3373E,20261,registered,simulated
HUS,23000031,MAT3374,20261,registered,simulated
HUS,23000031,MAT3541E,20261,registered,simulated
HUS,23000031,THL1057,20261,registered,simulated
HUS,23000031,MAT3452,20261,registered,simulated
HUS,23000031,MAT3453,20261,registered,simulated
HUS,23000031,MAT3534,20261,registered,simulated
HUS,23000032,MAT1207,20261,registered,simulated
HUS,23000032,MAT3452,20261,registered,simulated
HUS,23000032,MAT3453,20261,registered,simulated
HUS,23000032,MAT3534,20261,registered,simulated
HUS,23000032,MAT3542,20261,registered,simulated
HUS,23000033,MAT3505,20261,registered,simulated
HUS,23000033,MAT3541E,20261,registered,simulated
HUS,23000033,MAT1207,20261,registered,simulated
HUS,23000033,MAT3538,20261,registered,simulated
HUS,23000033,MAT3561E,20261,registered,simulated
HUS,23000033,MAT3562E,20261,registered,simulated
HUS,23000034,MAT1207,20261,registered,simulated
HUS,23000034,MAT3148,20261,registered,simulated
HUS,23000034,MAT3452,20261,registered,simulated
HUS,23000034,MAT3534,20261,registered,simulated
HUS,23000034,MAT3535,20261,registered,simulated
HUS,23000035,MAT2501,20261,registered,simulated
HUS,23000035,HUS1012,20261,registered,simulated
HUS,23000035,MAT3507,20261,registered,simulated
HUS,23000035,MAT1208,20261,registered,simulated
HUS,23000035,MAT3541E,20261,registered,simulated
HUS,23000035,THL1057,20261,registered,simulated
HUS,23000035,MAT3148,20261,registered,simulated
HUS,23000035,MAT3539,20261,registered,simulated
HUS,23000036,MAT3374,20261,registered,simulated
HUS,23000036,MAT3452,20261,registered,simulated
HUS,23000036,MAT3453,20261,registered,simulated
HUS,23000036,MAT3534,20261,registered,simulated
HUS,23000036,MAT3535,20261,registered,simulated
HUS,23000037,MAT3541E,20261,registered,simulated
HUS,23000037,MAT1207,20261,registered,simulated
HUS,23000037,MAT3148,20261,registered,simulated
HUS,23000037,MAT3538,20261,registered,simulated
HUS,23000037,MAT3562E,20261,registered,simulated
HUS,23000038,MAT1207,20261,registered,simulated
HUS,23000038,MAT3538,20261,registered,simulated
HUS,23000038,MAT3539,20261,registered,simulated
HUS,23000038,MAT3562E,20261,registered,simulated
HUS,23000039,MAT1207,20261,registered,simulated
HUS,23000039,MAT3538,20261,registered,simulated
HUS,23000039,MAT3561E,20261,registered,simulated
HUS,23000039,MAT3562E,20261,registered,simulated
HUS,23000040,MAT3558,20261,registered,simulated
HUS,23000040,THL1057,20261,registered,simulated
HUS,23000040,MAT1207,20261,registered,simulated
HUS,23000040,MAT3452,20261,registered,simulated
HUS,23000040,MAT3453,20261,registered,simulated
HUS,23000040,MAT3534,20261,registered,simulated
HUS,23000040,MAT3535,20261,registered,simulated
HUS,23000041,MAT1207,20261,registered,simulated
HUS,23000041,MAT3538,20261,registered,simulated
HUS,23000041,MAT3561E,20261,registered,simulated
HUS,23000041,MAT3562E,20261,registered,simulated
HUS,23000042,MAT1204,20261,registered,simulated
HUS,23000042,MAT1207,20261,registered,simulated
HUS,23000042,MAT2034,20261,registered,simulated
HUS,23000042,MAT3539,20261,registered,simulated
HUS,23000042,MAT3542,20261,registered,simulated
HUS,23000042,MAT3554E,20261,registered,simulated
HUS,23000043,MAT3373E,20261,registered,simulated
HUS,23000043,MAT3541E,20261,registered,simulated
HUS,23000043,MAT1207,20261,registered,simulated
HUS,23000043,MAT3452,20261,registered,simulated
HUS,23000043,MAT3453,20261,registered,simulated
HUS,23000043,MAT3534,20261,registered,simulated
HUS,23000043,MAT3535,20261,registered,simulated
HUS,23000044,MAT3552E,20261,registered,simulated
HUS,23000044,MAT3533,20261,registered,simulated
HUS,23000044,MAT1204,20261,registered,simulated
HUS,23000044,MAT1208,20261,registered,simulated
HUS,23000044,MAT3373E,20261,registered,simulated
HUS,23000044,MAT3374,20261,registered,simulated
HUS,23000044,MAT3541E,20261,registered,simulated
HUS,23000045,MAT3374,20261,registered,simulated
HUS,23000045,MAT2034,20261,registered,simulated
HUS,23000045,MAT3538,20261,registered,simulated
HUS,23000045,MAT3542,20261,registered,simulated
HUS,23000045,MAT3554E,20261,registered,simulated
HUS,23000046,MAT3558,20261,registered,simulated
HUS,23000046,THL1057,20261,registered,simulated
HUS,23000046,MAT1207,20261,registered,simulated
HUS,23000046,MAT3452,20261,registered,simulated
HUS,23000046,MAT3453,20261,registered,simulated
HUS,23000046,MAT3534,20261,registered,simulated
HUS,23000046,MAT3535,20261,registered,simulated
HUS,23000047,MAT1207,20261,registered,simulated
HUS,23000047,MAT3539,20261,registered,simulated
HUS,23000047,MAT3561E,20261,registered,simulated
HUS,23000047,MAT3562E,20261,registered,simulated
HUS,23000048,POL1001,20261,registered,simulated
HUS,23000048,MAT3374,20261,registered,simulated
HUS,23000048,MAT3148,20261,registered,simulated
HUS,23000048,MAT3534,20261,registered,simulated
HUS,23000048,MAT3535,20261,registered,simulated
HUS,23000048,MAT3554E,20261,registered,simulated
HUS,23000049,MAT1207,20261,registered,simulated
HUS,23000049,MAT3538,20261,registered,simulated
HUS,23000049,MAT3539,20261,registered,simulated
HUS,23000049,MAT3562E,20261,registered,simulated
HUS,23000050,MAT1204,20261,registered,simulated
HUS,23000050,MAT3560,20261,registered,simulated
HUS,23000050,MAT1207,20261,registered,simulated
HUS,23000050,MAT3452,20261,registered,simulated
HUS,23000050,MAT3453,20261,registered,simulated
HUS,23000050,MAT3534,20261,registered,simulated
HUS,23000050,MAT3535,20261,registered,simulated
