university_code,student_code,attribute_code,value
HUS,26000020,fairness_group,A
HUS,26000020,gender,male
HUS,26000017,fairness_group,B
HUS,26000017,gender,male
HUS,26000021,fairness_group,B
HUS,26000021,gender,male
HUS,26000014,fairness_group,A
HUS,26000014,gender,male
HUS,26000007,fairness_group,A
HUS,26000007,gender,male
HUS,26000016,fairness_group,B
HUS,26000016,gender,female
HUS,26000003,fairness_group,B
HUS,26000003,gender,male
HUS,26000001,fairness_group,A
HUS,26000001,gender,female
HUS,26000008,fairness_group,A
HUS,26000008,gender,female
HUS,26000015,fairness_group,B
HUS,26000015,gender,female
HUS,26000006,fairness_group,B
HUS,26000006,gender,female
HUS,26000005,fairness_group,A
HUS,26000005,gender,female
HUS,26000022,fairness_group,A
HUS,26000022,gender,male
HUS,26000012,fairness_group,B
HUS,26000012,gender,female
HUS,26000024,fairness_group,B
HUS,26000024,gender,male
HUS,26000002,fairness_group,A
HUS,26000002,gender,male
HUS,26000013,fairness_group,A
HUS,26000013,gender,male
HUS,26000019,fairness_group,B
HUS,26000019,gender,female
HUS,26000023,fairness_group,B
HUS,26000023,gender,male
HUS,26000011,fairness_group,A
HUS,26000011,gender,female
HUS,26000004,fairness_group,A
HUS,26000004,gender,male
HUS,26000009,fairness_group,B
HUS,26000009,gender,male
HUS,26000018,fairness_group,B
HUS,26000018,gender,male
HUS,26000025,fairness_group,A
HUS,26000025,gender,male
HUS,26000010,fairness_group,A
HUS,26000010,gender,male
HUS,25000021,fairness_group,B
HUS,25000021,gender,female
HUS,25000023,fairness_group,A
HUS,25000023,gender,female
HUS,25000002,fairness_group,A
HUS,25000002,gender,female
HUS,25000019,fairness_group,B
HUS,25000019,gender,female
HUS,25000015,fairness_group,B
HUS,25000015,gender,male
HUS,25000001,fairness_group,A
HUS,25000001,gender,male
HUS,25000009,fairness_group,A
HUS,25000009,gender,male
HUS,25000018,fairness_group,B
HUS,25000018,gender,male
HUS,25000014,fairness_group,B
HUS,25000014,gender,female
HUS,25000007,fairness_group,A
HUS,25000007,gender,male
HUS,25000025,fairness_group,A
HUS,25000025,gender,female
HUS,25000011,fairness_group,B
HUS,25000011,gender,male
HUS,25000006,fairness_group,B
HUS,25000006,gender,female
HUS,25000010,fairness_group,A
HUS,25000010,gender,female
HUS,25000017,fairness_group,A
HUS,25000017,gender,female
HUS,25000005,fairness_group,B
HUS,25000005,gender,female
HUS,25000003,fairness_group,B
HUS,25000003,gender,female
HUS,25000012,fairness_group,A
HUS,25000012,gender,female
HUS,25000024,fairness_group,A
HUS,25000024,gender,female
HUS,25000020,fairness_group,B
HUS,25000020,gender,male
HUS,25000016,fairness_group,B
HUS,25000016,gender,female
HUS,25000004,fairness_group,A
HUS,25000004,gender,female
HUS,25000022,fairness_group,A
HUS,25000022,gender,male
HUS,25000008,fairness_group,B
HUS,25000008,gender,male
HUS,25000013,fairness_group,B
HUS,25000013,gender,male
HUS,24000016,fairness_group,A
HUS,24000016,gender,female
HUS,24000023,fairness_group,B
HUS,24000023,gender,female
HUS,24000004,fairness_group,B
HUS,24000004,gender,female
HUS,24000009,fairness_group,A
HUS,24000009,gender,female
HUS,24000006,fairness_group,A
HUS,24000006,gender,female
HUS,24000018,fairness_group,B
HUS,24000018,gender,male
HUS,24000014,fairness_group,B
HUS,24000014,gender,male
HUS,24000025,fairness_group,A
HUS,24000025,gender,male
HUS,24000012,fairness_group,A
HUS,24000012,gender,male
HUS,24000017,fairness_group,B
HUS,24000017,gender,male
HUS,24000021,fairness_group,B
HUS,24000021,gender,female
HUS,24000001,fairness_group,A
HUS,24000001,gender,male
HUS,24000003,fairness_group,A
HUS,24000003,gender,female
HUS,24000024,fairness_group,B
HUS,24000024,gender,male
HUS,24000007,fairness_group,B
HUS,24000007,gender,male
HUS,24000002,fairness_group,A
HUS,24000002,gender,female
HUS,24000019,fairness_group,A
HUS,24000019,gender,female
HUS,24000011,fairness_group,B
HUS,24000011,gender,male
HUS,24000022,fairness_group,B
HUS,24000022,gender,female
HUS,24000015,fairness_group,A
HUS,24000015,gender,male
HUS,24000008,fairness_group,A
HUS,24000008,gender,female
HUS,24000005,fairness_group,B
HUS,24000005,gender,female
HUS,24000010,fairness_group,B
HUS,24000010,gender,female
HUS,24000020,fairness_group,A
HUS,24000020,gender,male
HUS,24000013,fairness_group,A
HUS,24000013,gender,male
HUS,23000015,fairness_group,B
HUS,23000015,gender,female
HUS,23000025,fairness_group,A
HUS,23000025,gender,female
HUS,23000007,fairness_group,A
HUS,23000007,gender,male
HUS,23000022,fairness_group,B
HUS,23000022,gender,male
HUS,23000009,fairness_group,B
HUS,23000009,gender,male
HUS,23000019,fairness_group,A
HUS,23000019,gender,male
HUS,23000013,fairness_group,A
HUS,23000013,gender,male
HUS,23000024,fairness_group,B
HUS,23000024,gender,female
HUS,23000004,fairness_group,B
HUS,23000004,gender,female
HUS,23000005,fairness_group,A
HUS,23000005,gender,female
HUS,23000001,fairness_group,A
HUS,23000001,gender,female
HUS,23000016,fairness_group,B
HUS,23000016,gender,female
HUS,23000008,fairness_group,B
HUS,23000008,gender,female
HUS,23000011,fairness_group,A
HUS,23000011,gender,male
HUS,23000017,fairness_group,A
HUS,23000017,gender,male
HUS,23000006,fairness_group,B
HUS,23000006,gender,male
HUS,23000021,fairness_group,B
HUS,23000021,gender,female
HUS,23000018,fairness_group,A
HUS,23000018,gender,male
HUS,23000012,fairness_group,A
HUS,23000012,gender,male
HUS,23000014,fairness_group,B
HUS,23000014,gender,female
HUS,23000010,fairness_group,B
HUS,23000010,gender,female
HUS,23000002,fairness_group,A
HUS,23000002,gender,female
HUS,23000020,fairness_group,A
HUS,23000020,gender,female
HUS,23000003,fairness_group,B
HUS,23000003,gender,female
HUS,23000023,fairness_group,B
HUS,23000023,gender,male
HUS,26000050,fairness_group,A
HUS,26000050,gender,male
HUS,26000029,fairness_group,B
HUS,26000029,gender,female
HUS,26000042,fairness_group,B
HUS,26000042,gender,female
HUS,26000035,fairness_group,A
HUS,26000035,gender,female
HUS,26000033,fairness_group,A
HUS,26000033,gender,male
HUS,26000037,fairness_group,B
HUS,26000037,gender,male
HUS,26000038,fairness_group,B
HUS,26000038,gender,male
HUS,26000031,fairness_group,A
HUS,26000031,gender,male
HUS,26000032,fairness_group,A
HUS,26000032,gender,male
HUS,26000039,fairness_group,B
HUS,26000039,gender,male
HUS,26000044,fairness_group,B
HUS,26000044,gender,female
HUS,26000047,fairness_group,A
HUS,26000047,gender,female
HUS,26000048,fairness_group,A
HUS,26000048,gender,female
HUS,26000046,fairness_group,B
HUS,26000046,gender,male
HUS,26000036,fairness_group,B
HUS,26000036,gender,male
HUS,26000041,fairness_group,A
HUS,26000041,gender,female
HUS,26000043,fairness_group,A
HUS,26000043,gender,male
HUS,26000040,fairness_group,B
HUS,26000040,gender,female
HUS,26000045,fairness_group,B
HUS,26000045,gender,female
HUS,26000034,fairness_group,A
HUS,26000034,gender,female
HUS,26000027,fairness_group,A
HUS,26000027,gender,male
HUS,26000030,fairness_group,B
HUS,26000030,gender,female
HUS,26000049,fairness_group,B
HUS,26000049,gender,female
HUS,26000028,fairness_group,A
HUS,26000028,gender,female
HUS,26000026,fairness_group,A
HUS,26000026,gender,male
HUS,25000026,fairness_group,B
HUS,25000026,gender,male
HUS,25000032,fairness_group,A
HUS,25000032,gender,male
HUS,25000028,fairness_group,A
HUS,25000028,gender,female
HUS,25000035,fairness_group,B
HUS,25000035,gender,female
HUS,25000029,fairness_group,B
HUS,25000029,gender,male
HUS,25000034,fairness_group,A
HUS,25000034,gender,male
HUS,25000033,fairness_group,A
HUS,25000033,gender,male
HUS,25000050,fairness_group,B
HUS,25000050,gender,female
HUS,25000046,fairness_group,B
HUS,25000046,gender,female
HUS,25000041,fairness_group,A
HUS,25000041,gender,female
HUS,25000040,fairness_group,A
HUS,25000040,gender,male
HUS,25000039,fairness_group,B
HUS,25000039,gender,female
HUS,25000044,fairness_group,B
HUS,25000044,gender,female
HUS,25000027,fairness_group,A
HUS,25000027,gender,male
HUS,25000042,fairness_group,A
HUS,25000042,gender,female
HUS,25000037,fairness_group,B
HUS,25000037,gender,female
HUS,25000030,fairness_group,B
HUS,25000030,gender,female
HUS,25000036,fairness_group,A
HUS,25000036,gender,female
HUS,25000049,fairness_group,A
HUS,25000049,gender,female
HUS,25000045,fairness_group,B
HUS,25000045,gender,male
HUS,25000031,fairness_group,B
HUS,25000031,gender,female
HUS,25000038,fairness_group,A
HUS,25000038,gender,female
HUS,25000048,fairness_group,A
HUS,25000048,gender,female
HUS,25000047,fairness_group,B
HUS,25000047,gender,female
HUS,25000043,fairness_group,B
HUS,25000043,gender,male
HUS,24000043,fairness_group,A
HUS,24000043,gender,female
HUS,24000026,fairness_group,B
HUS,24000026,gender,male
HUS,24000028,fairness_group,B
HUS,24000028,gender,female
HUS,24000037,fairness_group,A
HUS,24000037,gender,male
HUS,24000045,fairness_group,A
HUS,24000045,gender,female
HUS,24000030,fairness_group,B
HUS,24000030,gender,male
HUS,24000050,fairness_group,B
HUS,24000050,gender,female
HUS,24000035,fairness_group,A
HUS,24000035,gender,female
HUS,24000041,fairness_group,A
HUS,24000041,gender,male
HUS,24000036,fairness_group,B
HUS,24000036,gender,female
HUS,24000048,fairness_group,B
HUS,24000048,gender,male
HUS,24000033,fairness_group,A
HUS,24000033,gender,male
HUS,24000042,fairness_group,A
HUS,24000042,gender,female
HUS,24000047,fairness_group,B
HUS,24000047,gender,male
HUS,24000031,fairness_group,B
HUS,24000031,gender,male
HUS,24000027,fairness_group,A
HUS,24000027,gender,male
HUS,24000038,fairness_group,A
HUS,24000038,gender,female
HUS,24000046,fairness_group,B
HUS,24000046,gender,female
HUS,24000049,fairness_group,B
HUS,24000049,gender,male
HUS,24000040,fairness_group,A
HUS,24000040,gender,female
HUS,24000039,fairness_group,A
HUS,24000039,gender,female
HUS,24000034,fairness_group,B
HUS,24000034,gender,male
HUS,24000029,fairness_group,B
HUS,24000029,gender,female
HUS,24000032,fairness_group,A
HUS,24000032,gender,male
HUS,24000044,fairness_group,A
HUS,24000044,gender,female
HUS,23000032,fairness_group,B
HUS,23000032,gender,female
HUS,23000037,fairness_group,A
HUS,23000037,gender,male
HUS,23000030,fairness_group,A
HUS,23000030,gender,female
HUS,23000049,fairness_group,B
HUS,23000049,gender,male
HUS,23000050,fairness_group,B
HUS,23000050,gender,female
HUS,23000040,fairness_group,A
HUS,23000040,gender,male
HUS,23000043,fairness_group,A
HUS,23000043,gender,male
HUS,23000026,fairness_group,B
HUS,23000026,gender,male
HUS,23000047,fairness_group,B
HUS,23000047,gender,female
HUS,23000031,fairness_group,A
HUS,23000031,gender,female
HUS,23000046,fairness_group,A
HUS,23000046,gender,female
HUS,23000038,fairness_group,B
HUS,23000038,gender,female
HUS,23000039,fairness_group,B
HUS,23000039,gender,male
HUS,23000041,fairness_group,A
HUS,23000041,gender,female
HUS,23000042,fairness_group,A
HUS,23000042,gender,female
HUS,23000028,fairness_group,B
HUS,23000028,gender,female
HUS,23000036,fairness_group,B
HUS,23000036,gender,female
HUS,23000034,fairness_group,A
HUS,23000034,gender,female
HUS,23000027,fairness_group,A
HUS,23000027,gender,male
HUS,23000033,fairness_group,B
HUS,23000033,gender,female
HUS,23000044,fairness_group,B
HUS,23000044,gender,female
HUS,23000045,fairness_group,A
HUS,23000045,gender,female
HUS,23000029,fairness_group,A
HUS,23000029,gender,female
HUS,23000048,fairness_group,B
HUS,23000048,gender,female
HUS,23000035,fairness_group,B
HUS,23000035,gender,male
