university_code,student_code,topic_code,weight
HUS,26000001,phan_mem,1.0
HUS,26000002,tri_tue_nhan_tao,1.0
HUS,26000002,he_thong,0.5
HUS,26000002,lap_trinh,0.5
HUS,26000003,lap_trinh,1.0
HUS,26000003,toan,0.5
HUS,26000003,tri_tue_nhan_tao,0.5
HUS,26000004,tri_tue_nhan_tao,1.0
HUS,26000005,du_lieu,1.0
HUS,26000005,he_thong,0.5
HUS,26000005,phan_mem,0.5
HUS,26000006,tri_tue_nhan_tao,1.0
HUS,26000006,du_lieu,0.5
HUS,26000006,toan,0.5
HUS,26000007,phan_mem,1.0
HUS,26000008,toan,1.0
HUS,26000008,he_thong,0.5
HUS,26000008,lap_trinh,0.5
HUS,26000009,toan,1.0
HUS,26000009,du_lieu,0.5
HUS,26000009,tri_tue_nhan_tao,0.5
HUS,26000010,he_thong,1.0
HUS,26000010,du_lieu,0.5
HUS,26000010,tri_tue_nhan_tao,0.5
HUS,26000011,phan_mem,1.0
HUS,26000012,phan_mem,1.0
HUS,26000012,tri_tue_nhan_tao,0.5
HUS,26000013,tri_tue_nhan_tao,1.0
HUS,26000013,lap_trinh,0.5
HUS,26000013,toan,0.5
HUS,26000014,toan,1.0
HUS,26000015,phan_mem,1.0
HUS,26000015,lap_trinh,0.5
HUS,26000016,phan_mem,1.0
HUS,26000016,lap_trinh,0.5
HUS,26000016,toan,0.5
HUS,26000017,lap_trinh,1.0
HUS,26000018,phan_mem,1.0
HUS,26000018,tri_tue_nhan_tao,0.5
HUS,26000019,he_thong,1.0
HUS,26000019,phan_mem,0.5
HUS,26000020,phan_mem,1.0
HUS,26000020,tri_tue_nhan_tao,0.5
HUS,26000021,he_thong,1.0
HUS,26000022,du_lieu,1.0
HUS,26000023,phan_mem,1.0
HUS,26000023,lap_trinh,0.5
HUS,26000024,phan_mem,1.0
HUS,26000024,he_thong,0.5
HUS,25000001,tri_tue_nhan_tao,1.0
HUS,25000001,du_lieu,0.5
HUS,25000002,tri_tue_nhan_tao,1.0
HUS,25000003,tri_tue_nhan_tao,1.0
HUS,25000003,he_thong,0.5
HUS,25000003,phan_mem,0.5
HUS,25000004,toan,1.0
HUS,25000004,lap_trinh,0.5
HUS,25000004,phan_mem,0.5
HUS,25000005,du_lieu,1.0
HUS,25000005,he_thong,0.5
HUS,25000006,du_lieu,1.0
HUS,25000006,phan_mem,0.5
HUS,25000006,tri_tue_nhan_tao,0.5
HUS,25000007,he_thong,1.0
HUS,25000008,phan_mem,1.0
HUS,25000008,he_thong,0.5
HUS,25000008,lap_trinh,0.5
HUS,25000009,he_thong,1.0
HUS,25000010,lap_trinh,1.0
HUS,25000011,toan,1.0
HUS,25000013,tri_tue_nhan_tao,1.0
HUS,25000013,du_lieu,0.5
HUS,25000014,toan,1.0
HUS,25000016,toan,1.0
HUS,25000016,du_lieu,0.5
HUS,25000016,he_thong,0.5
HUS,25000017,tri_tue_nhan_tao,1.0
HUS,25000018,lap_trinh,1.0
HUS,25000019,toan,1.0
HUS,25000022,toan,1.0
HUS,25000023,lap_trinh,1.0
HUS,25000024,du_lieu,1.0
HUS,25000024,he_thong,0.5
HUS,24000001,phan_mem,1.0
HUS,24000001,toan,0.5
HUS,24000002,lap_trinh,1.0
HUS,24000002,toan,0.5
HUS,24000003,lap_trinh,1.0
HUS,24000003,du_lieu,0.5
HUS,24000003,he_thong,0.5
HUS,24000004,lap_trinh,1.0
HUS,24000004,tri_tue_nhan_tao,0.5
HUS,24000005,toan,1.0
HUS,24000005,he_thong,0.5
HUS,24000006,he_thong,1.0
HUS,24000007,toan,1.0
HUS,24000007,du_lieu,0.5
HUS,24000009,toan,1.0
HUS,24000009,lap_trinh,0.5
HUS,24000009,tri_tue_nhan_tao,0.5
HUS,24000010,tri_tue_nhan_tao,1.0
HUS,24000010,toan,0.5
HUS,24000011,phan_mem,1.0
HUS,24000011,tri_tue_nhan_tao,0.5
HUS,24000013,toan,1.0
HUS,24000013,phan_mem,0.5
HUS,24000013,tri_tue_nhan_tao,0.5
HUS,24000014,lap_trinh,1.0
HUS,24000015,lap_trinh,1.0
HUS,24000015,phan_mem,0.5
HUS,24000016,toan,1.0
HUS,24000016,phan_mem,0.5
HUS,24000017,he_thong,1.0
HUS,24000018,phan_mem,1.0
HUS,24000019,phan_mem,1.0
HUS,24000019,du_lieu,0.5
HUS,24000020,du_lieu,1.0
HUS,24000020,he_thong,0.5
HUS,24000020,toan,0.5
HUS,24000021,he_thong,1.0
HUS,24000023,du_lieu,1.0
HUS,24000024,toan,1.0
HUS,24000024,he_thong,0.5
HUS,24000025,he_thong,1.0
HUS,23000001,du_lieu,1.0
HUS,23000002,lap_trinh,1.0
HUS,23000003,phan_mem,1.0
HUS,23000004,he_thong,1.0
HUS,23000004,du_lieu,0.5
HUS,23000005,he_thong,1.0
HUS,23000006,du_lieu,1.0
HUS,23000007,tri_tue_nhan_tao,1.0
HUS,23000008,lap_trinh,1.0
HUS,23000008,du_lieu,0.5
HUS,23000009,phan_mem,1.0
HUS,23000009,toan,0.5
HUS,23000010,he_thong,1.0
HUS,23000010,phan_mem,0.5
HUS,23000011,du_lieu,1.0
HUS,23000011,he_thong,0.5
HUS,23000011,phan_mem,0.5
HUS,23000013,tri_tue_nhan_tao,1.0
HUS,23000013,he_thong,0.5
HUS,23000013,phan_mem,0.5
HUS,23000014,du_lieu,1.0
HUS,23000015,he_thong,1.0
HUS,23000015,du_lieu,0.5
HUS,23000016,he_thong,1.0
HUS,23000016,lap_trinh,0.5
HUS,23000018,phan_mem,1.0
HUS,23000018,toan,0.5
HUS,23000020,toan,1.0
HUS,23000020,tri_tue_nhan_tao,0.5
HUS,23000021,du_lieu,1.0
HUS,23000021,toan,0.5
HUS,23000022,toan,1.0
HUS,23000022,he_thong,0.5
HUS,23000022,phan_mem,0.5
HUS,23000023,du_lieu,1.0
HUS,23000023,tri_tue_nhan_tao,0.5
HUS,23000024,phan_mem,1.0
HUS,23000025,toan,1.0
HUS,26000026,phan_mem,1.0
HUS,26000026,he_thong,0.5
HUS,26000027,toan,1.0
HUS,26000027,an_toan_thong_tin,0.5
HUS,26000027,du_lieu,0.5
HUS,26000029,an_toan_thong_tin,1.0
HUS,26000029,du_lieu,0.5
HUS,26000031,he_thong,1.0
HUS,26000031,an_toan_thong_tin,0.5
HUS,26000031,phan_mem,0.5
HUS,26000033,an_toan_thong_tin,1.0
HUS,26000034,lap_trinh,1.0
HUS,26000034,du_lieu,0.5
HUS,26000035,an_toan_thong_tin,1.0
HUS,26000035,lap_trinh,0.5
HUS,26000035,phan_mem,0.5
HUS,26000036,an_toan_thong_tin,1.0
HUS,26000036,he_thong,0.5
HUS,26000037,tri_tue_nhan_tao,1.0
HUS,26000038,lap_trinh,1.0
HUS,26000040,tri_tue_nhan_tao,1.0
HUS,26000040,he_thong,0.5
HUS,26000040,toan,0.5
HUS,26000041,du_lieu,1.0
HUS,26000042,tri_tue_nhan_tao,1.0
HUS,26000044,lap_trinh,1.0
HUS,26000044,du_lieu,0.5
HUS,26000045,an_toan_thong_tin,1.0
HUS,26000045,he_thong,0.5
HUS,26000045,lap_trinh,0.5
HUS,26000046,an_toan_thong_tin,1.0
HUS,26000046,phan_mem,0.5
HUS,26000047,du_lieu,1.0
HUS,26000047,phan_mem,0.5
HUS,26000048,du_lieu,1.0
HUS,26000048,he_thong,0.5
HUS,26000048,phan_mem,0.5
HUS,26000049,an_toan_thong_tin,1.0
HUS,26000050,tri_tue_nhan_tao,1.0
HUS,25000026,du_lieu,1.0
HUS,25000026,an_toan_thong_tin,0.5
HUS,25000028,he_thong,1.0
HUS,25000028,an_toan_thong_tin,0.5
HUS,25000028,tri_tue_nhan_tao,0.5
HUS,25000029,tri_tue_nhan_tao,1.0
HUS,25000029,he_thong,0.5
HUS,25000029,phan_mem,0.5
HUS,25000030,du_lieu,1.0
HUS,25000031,du_lieu,1.0
HUS,25000031,tri_tue_nhan_tao,0.5
HUS,25000032,toan,1.0
HUS,25000032,phan_mem,0.5
HUS,25000032,tri_tue_nhan_tao,0.5
HUS,25000034,du_lieu,1.0
HUS,25000034,lap_trinh,0.5
HUS,25000035,tri_tue_nhan_tao,1.0
HUS,25000036,an_toan_thong_tin,1.0
HUS,25000036,toan,0.5
HUS,25000037,he_thong,1.0
HUS,25000037,phan_mem,0.5
HUS,25000037,toan,0.5
HUS,25000038,tri_tue_nhan_tao,1.0
HUS,25000038,toan,0.5
HUS,25000039,an_toan_thong_tin,1.0
HUS,25000041,an_toan_thong_tin,1.0
HUS,25000041,du_lieu,0.5
HUS,25000042,phan_mem,1.0
HUS,25000043,du_lieu,1.0
HUS,25000043,an_toan_thong_tin,0.5
HUS,25000043,tri_tue_nhan_tao,0.5
HUS,25000044,tri_tue_nhan_tao,1.0
HUS,25000045,phan_mem,1.0
HUS,25000046,toan,1.0
HUS,25000046,du_lieu,0.5
HUS,25000046,phan_mem,0.5
HUS,25000047,tri_tue_nhan_tao,1.0
HUS,25000048,du_lieu,1.0
HUS,25000048,tri_tue_nhan_tao,0.5
HUS,25000049,toan,1.0
HUS,25000049,lap_trinh,0.5
HUS,25000050,lap_trinh,1.0
HUS,24000026,lap_trinh,1.0
HUS,24000027,lap_trinh,1.0
HUS,24000028,tri_tue_nhan_tao,1.0
HUS,24000028,du_lieu,0.5
HUS,24000028,phan_mem,0.5
HUS,24000030,phan_mem,1.0
HUS,24000030,an_toan_thong_tin,0.5
HUS,24000030,du_lieu,0.5
HUS,24000031,phan_mem,1.0
HUS,24000031,du_lieu,0.5
HUS,24000032,du_lieu,1.0
HUS,24000032,phan_mem,0.5
HUS,24000033,toan,1.0
HUS,24000033,tri_tue_nhan_tao,0.5
HUS,24000035,lap_trinh,1.0
HUS,24000035,an_toan_thong_tin,0.5
HUS,24000035,toan,0.5
HUS,24000036,toan,1.0
HUS,24000036,an_toan_thong_tin,0.5
HUS,24000036,he_thong,0.5
HUS,24000037,he_thong,1.0
HUS,24000037,tri_tue_nhan_tao,0.5
HUS,24000038,phan_mem,1.0
HUS,24000038,lap_trinh,0.5
HUS,24000039,an_toan_thong_tin,1.0
HUS,24000039,phan_mem,0.5
HUS,24000040,lap_trinh,1.0
HUS,24000042,phan_mem,1.0
HUS,24000043,toan,1.0
HUS,24000043,du_lieu,0.5
HUS,24000044,du_lieu,1.0
HUS,24000045,tri_tue_nhan_tao,1.0
HUS,24000045,lap_trinh,0.5
HUS,24000046,lap_trinh,1.0
HUS,24000046,he_thong,0.5
HUS,24000046,tri_tue_nhan_tao,0.5
HUS,24000047,toan,1.0
HUS,24000047,phan_mem,0.5
HUS,24000048,tri_tue_nhan_tao,1.0
HUS,24000048,du_lieu,0.5
HUS,24000048,lap_trinh,0.5
HUS,24000049,tri_tue_nhan_tao,1.0
HUS,24000049,du_lieu,0.5
HUS,24000049,toan,0.5
HUS,24000050,phan_mem,1.0
HUS,24000050,lap_trinh,0.5
HUS,23000026,an_toan_thong_tin,1.0
HUS,23000028,toan,1.0
HUS,23000029,toan,1.0
HUS,23000030,du_lieu,1.0
HUS,23000032,phan_mem,1.0
HUS,23000032,tri_tue_nhan_tao,0.5
HUS,23000033,tri_tue_nhan_tao,1.0
HUS,23000034,tri_tue_nhan_tao,1.0
HUS,23000035,lap_trinh,1.0
HUS,23000035,toan,0.5
HUS,23000036,an_toan_thong_tin,1.0
HUS,23000036,toan,0.5
HUS,23000036,tri_tue_nhan_tao,0.5
HUS,23000038,an_toan_thong_tin,1.0
HUS,23000039,tri_tue_nhan_tao,1.0
HUS,23000039,du_lieu,0.5
HUS,23000040,lap_trinh,1.0
HUS,23000040,du_lieu,0.5
HUS,23000041,lap_trinh,1.0
HUS,23000042,an_toan_thong_tin,1.0
HUS,23000042,phan_mem,0.5
HUS,23000043,du_lieu,1.0
HUS,23000043,lap_trinh,0.5
HUS,23000043,tri_tue_nhan_tao,0.5
HUS,23000044,he_thong,1.0
HUS,23000044,lap_trinh,0.5
HUS,23000044,phan_mem,0.5
HUS,23000045,toan,1.0
HUS,23000045,an_toan_thong_tin,0.5
HUS,23000046,du_lieu,1.0
HUS,23000046,phan_mem,0.5
HUS,23000047,phan_mem,1.0
HUS,23000047,tri_tue_nhan_tao,0.5
HUS,23000048,he_thong,1.0
HUS,23000048,toan,0.5
HUS,23000049,tri_tue_nhan_tao,1.0
HUS,23000049,he_thong,0.5
HUS,23000049,lap_trinh,0.5
