university_code,student_code,full_name,date_of_birth,email,is_synthetic
HUS,26000001,Vũ Minh Lan,,,1
HUS,26000002,Nguyễn Thị Phương,,,1
HUS,26000003,Bùi Thị Hiếu,,,1
HUS,26000004,Phạm Minh Long,,,1
HUS,26000005,Ngô Thị Chi,,,1
HUS,26000006,Hoàng Ngọc Bình,,,1
HUS,26000007,Vũ Ngọc Long,,,1
HUS,26000008,Trần Đức Huy,,,1
HUS,26000009,Vũ Ngọc Phương,,,1
HUS,26000010,Đặng Thu Long,,,1
HUS,26000011,Đặng Thanh Dũng,,,1
HUS,26000012,Vũ Quang Phương,,,1
HUS,26000013,Đỗ Quang Mai,,,1
HUS,26000014,Nguyễn Quang Khoa,,,1
HUS,26000015,Trần Văn Vy,,,1
HUS,26000016,Bùi Quang Linh,,,1
HUS,26000017,Ngô Minh Hà,,,1
HUS,26000018,Lê Thị Bình,,,1
HUS,26000019,Nguyễn Văn Huy,,,1
HUS,26000020,Nguyễn Thu Giang,,,1
HUS,26000021,Đỗ Đức Long,,,1
HUS,26000022,Hoàng Văn Hà,,,1
HUS,26000023,Phạm Ngọc Chi,,,1
HUS,26000024,Ngô Ngọc Khoa,,,1
HUS,26000025,Đặng Thu Hoa,,,1
HUS,25000001,Hoàng Văn Minh,,,1
HUS,25000002,Vũ Thị Lan,,,1
HUS,25000003,Bùi Văn Giang,,,1
HUS,25000004,Ngô Minh Giang,,,1
HUS,25000005,Lê Thanh Nam,,,1
HUS,25000006,Phạm Văn Trang,,,1
HUS,25000007,Đỗ Đức Hiếu,,,1
HUS,25000008,Vũ Đức Bình,,,1
HUS,25000009,Đặng Ngọc Linh,,,1
HUS,25000010,Đặng Minh Phương,,,1
HUS,25000011,Bùi Thanh Mai,,,1
HUS,25000012,Ngô Thanh Hoa,,,1
HUS,25000013,Đỗ Đức Trang,,,1
HUS,25000014,Vũ Thị Dũng,,,1
HUS,25000015,Vũ Đức Mai,,,1
HUS,25000016,Hoàng Ngọc Chi,,,1
HUS,25000017,Nguyễn Văn Dũng,,,1
HUS,25000018,Ngô Thu An,,,1
HUS,25000019,Hoàng Minh Lan,,,1
HUS,25000020,Phạm Ngọc An,,,1
HUS,25000021,Lê Thị An,,,1
HUS,25000022,Phạm Quang Lan,,,1
HUS,25000023,Ngô Thị Minh,,,1
HUS,25000024,Lê Thu Chi,,,1
HUS,25000025,Lê Minh Trang,,,1
HUS,24000001,Hoàng Thu Hoa,,,1
HUS,24000002,Hoàng Đức Hà,,,1
HUS,24000003,Bùi Minh Chi,,,1
HUS,24000004,Bùi Thanh Khoa,,,1
HUS,24000005,Lê Ngọc Dũng,,,1
HUS,24000006,Nguyễn Thị Lan,,,1
HUS,24000007,Đỗ Minh Hà,,,1
HUS,24000008,Vũ Văn Hiếu,,,1
HUS,24000009,Đặng Minh Vy,,,1
HUS,24000010,Nguyễn Đức Nam,,,1
HUS,24000011,Nguyễn Thanh Lan,,,1
HUS,24000012,Ngô Quang Chi,,,1
HUS,24000013,Bùi Thanh Hoa,,,1
HUS,24000014,Bùi Đức Trang,,,1
HUS,24000015,Ngô Thanh Lan,,,1
HUS,24000016,Ngô Đức Phương,,,1
HUS,24000017,Đặng Minh Chi,,,1
HUS,24000018,Đặng Văn Phương,,,1
HUS,24000019,Ngô Ngọc Bình,,,1
HUS,24000020,Đặng Minh Trang,,,1
HUS,24000021,Hoàng Thanh Minh,,,1
HUS,24000022,Nguyễn Văn Phương,,,1
HUS,24000023,Hoàng Văn Huy,,,1
HUS,24000024,Ngô Minh Dũng,,,1
HUS,24000025,Trần Đức Nam,,,1
HUS,23000001,Trần Ngọc Hiếu,,,1
HUS,23000002,Hoàng Quang Hoa,,,1
HUS,23000003,Trần Quang Hải,,,1
HUS,23000004,Đỗ Thị Long,,,1
HUS,23000005,Phạm Quang Minh,,,1
HUS,23000006,Trần Thu Nam,,,1
HUS,23000007,Phạm Thu Phương,,,1
HUS,23000008,Phạm Quang Long,,,1
HUS,23000009,Đặng Thu Giang,,,1
HUS,23000010,Hoàng Quang Bình,,,1
HUS,23000011,Đặng Ngọc Hiếu,,,1
HUS,23000012,Bùi Thị Lan,,,1
HUS,23000013,Đặng Thị Khoa,,,1
HUS,23000014,Nguyễn Thu Minh,,,1
HUS,23000015,Lê Thu Lan,,,1
HUS,23000016,Đỗ Thanh Hà,,,1
HUS,23000017,Bùi Thu Chi,,,1
HUS,23000018,Đỗ Thị Linh,,,1
HUS,23000019,Lê Đức Giang,,,1
HUS,23000020,Lê Đức Minh,,,1
HUS,23000021,Đỗ Thanh Chi,,,1
HUS,23000022,Lê Quang Hiếu,,,1
HUS,23000023,Phạm Ngọc Trang,,,1
HUS,23000024,Vũ Đức Phương,,,1
HUS,23000025,Nguyễn Thu Dũng,,,1
HUS,26000026,Phạm Quang Lan,,,1
HUS,26000027,Bùi Minh Hiếu,,,1
HUS,26000028,Hoàng Thị An,,,1
HUS,26000029,Lê Thu Mai,,,1
HUS,26000030,Bùi Thu Trang,,,1
HUS,26000031,Vũ Thu Linh,,,1
HUS,26000032,Ngô Thanh Dũng,,,1
HUS,26000033,Trần Thu Linh,,,1
HUS,26000034,Phạm Thu Hà,,,1
HUS,26000035,Ngô Quang Hải,,,1
HUS,26000036,Đặng Đức Hiếu,,,1
HUS,26000037,Phạm Thị Giang,,,1
HUS,26000038,Phạm Quang Dũng,,,1
HUS,26000039,Đỗ Quang Hải,,,1
HUS,26000040,Phạm Thị Linh,,,1
HUS,26000041,Hoàng Thanh Minh,,,1
HUS,26000042,Bùi Đức Chi,,,1
HUS,26000043,Nguyễn Thanh Nam,,,1
HUS,26000044,Bùi Thu Hiếu,,,1
HUS,26000045,Đặng Đức Giang,,,1
HUS,26000046,Bùi Thu An,,,1
HUS,26000047,Vũ Thanh Lan,,,1
HUS,26000048,Bùi Đức Dũng,,,1
HUS,26000049,Ngô Thanh Bình,,,1
HUS,26000050,Phạm Đức Dũng,,,1
HUS,25000026,Đỗ Thu Linh,,,1
HUS,25000027,Đỗ Văn An,,,1
HUS,25000028,Nguyễn Ngọc Hoa,,,1
HUS,25000029,Ngô Ngọc Bình,,,1
HUS,25000030,Vũ Đức Mai,,,1
HUS,25000031,Đỗ Thị Giang,,,1
HUS,25000032,Trần Ngọc Chi,,,1
HUS,25000033,Vũ Quang Giang,,,1
HUS,25000034,Đặng Minh Hoa,,,1
HUS,25000035,Đỗ Thanh Phương,,,1
HUS,25000036,Hoàng Thu Long,,,1
HUS,25000037,Phạm Quang Lan,,,1
HUS,25000038,Phạm Quang Hà,,,1
HUS,25000039,Nguyễn Thị Nam,,,1
HUS,25000040,Trần Đức Giang,,,1
HUS,25000041,Đặng Thu Dũng,,,1
HUS,25000042,Hoàng Quang Linh,,,1
HUS,25000043,Bùi Văn Giang,,,1
HUS,25000044,Đỗ Đức Hà,,,1
HUS,25000045,Hoàng Ngọc Huy,,,1
HUS,25000046,Trần Ngọc Nam,,,1
HUS,25000047,Đỗ Thanh Minh,,,1
HUS,25000048,Vũ Thanh Trang,,,1
HUS,25000049,Ngô Ngọc Chi,,,1
HUS,25000050,Đặng Văn Mai,,,1
HUS,24000026,Lê Văn Huy,,,1
HUS,24000027,Vũ Minh Trang,,,1
HUS,24000028,Bùi Quang Long,,,1
HUS,24000029,Bùi Ngọc Khoa,,,1
HUS,24000030,Bùi Văn Lan,,,1
HUS,24000031,Đỗ Minh Mai,,,1
HUS,24000032,Hoàng Văn Hiếu,,,1
HUS,24000033,Đỗ Ngọc Bình,,,1
HUS,24000034,Lê Thu Trang,,,1
HUS,24000035,Lê Văn Hiếu,,,1
HUS,24000036,Trần Đức Hà,,,1
HUS,24000037,Nguyễn Thu Hà,,,1
HUS,24000038,Phạm Thanh Huy,,,1
HUS,24000039,Ngô Thu Khoa,,,1
HUS,24000040,Nguyễn Thanh Chi,,,1
HUS,24000041,Đỗ Quang Nam,,,1
HUS,24000042,Đặng Thị Giang,,,1
HUS,24000043,Nguyễn Ngọc Linh,,,1
HUS,24000044,Nguyễn Thị Hải,,,1
HUS,24000045,Đặng Đức Hải,,,1
HUS,24000046,Nguyễn Thu Mai,,,1
HUS,24000047,Lê Quang Khoa,,,1
HUS,24000048,Đặng Đức Huy,,,1
HUS,24000049,Bùi Thanh Linh,,,1
HUS,24000050,Ngô Đức Phương,,,1
HUS,23000026,Hoàng Quang Giang,,,1
HUS,23000027,Vũ Ngọc Long,,,1
HUS,23000028,Ngô Thanh Hải,,,1
HUS,23000029,Phạm Minh Hiếu,,,1
HUS,23000030,Đỗ Văn Hoa,,,1
HUS,23000031,Ngô Thanh Khoa,,,1
HUS,23000032,Phạm Ngọc Huy,,,1
HUS,23000033,Lê Đức Nam,,,1
HUS,23000034,Đặng Thu Nam,,,1
HUS,23000035,Nguyễn Thanh Chi,,,1
HUS,23000036,Ngô Thị Dũng,,,1
HUS,23000037,Hoàng Quang Linh,,,1
HUS,23000038,Vũ Thu Hoa,,,1
HUS,23000039,Nguyễn Thanh Giang,,,1
HUS,23000040,Nguyễn Thị Bình,,,1
HUS,23000041,Trần Minh Hải,,,1
HUS,23000042,Đỗ Đức Khoa,,,1
HUS,23000043,Phạm Ngọc Vy,,,1
HUS,23000044,Bùi Thu Linh,,,1
HUS,23000045,Vũ Minh Hoa,,,1
HUS,23000046,Phạm Thu Khoa,,,1
HUS,23000047,Đỗ Minh Hoa,,,1
HUS,23000048,Hoàng Thị Hải,,,1
HUS,23000049,Trần Thanh Hải,,,1
HUS,23000050,Trần Quang Linh,,,1
