university_code,student_code,curriculum_code,cohort_year,admission_term_code,status,is_primary
HUS,26000001,HUS-7460108-2022,2026,20261,active,1
HUS,26000002,HUS-7460108-2022,2026,20261,active,1
HUS,26000003,HUS-7460108-2022,2026,20261,active,1
HUS,26000004,HUS-7460108-2022,2026,20261,active,1
HUS,26000005,HUS-7460108-2022,2026,20261,active,1
HUS,26000006,HUS-7460108-2022,2026,20261,active,1
HUS,26000007,HUS-7460108-2022,2026,20261,active,1
HUS,26000008,HUS-7460108-2022,2026,20261,active,1
HUS,26000009,HUS-7460108-2022,2026,20261,active,1
HUS,26000010,HUS-7460108-2022,2026,20261,active,1
HUS,26000011,HUS-7460108-2022,2026,20261,active,1
HUS,26000012,HUS-7460108-2022,2026,20261,active,1
HUS,26000013,HUS-7460108-2022,2026,20261,active,1
HUS,26000014,HUS-7460108-2022,2026,20261,active,1
HUS,26000015,HUS-7460108-2022,2026,20261,active,1
HUS,26000016,HUS-7460108-2022,2026,20261,active,1
HUS,26000017,HUS-7460108-2022,2026,20261,active,1
HUS,26000018,HUS-7460108-2022,2026,20261,active,1
HUS,26000019,HUS-7460108-2022,2026,20261,active,1
HUS,26000020,HUS-7460108-2022,2026,20261,active,1
HUS,26000021,HUS-7460108-2022,2026,20261,active,1
HUS,26000022,HUS-7460108-2022,2026,20261,active,1
HUS,26000023,HUS-7460108-2022,2026,20261,active,1
HUS,26000024,HUS-7460108-2022,2026,20261,active,1
HUS,26000025,HUS-7460108-2022,2026,20261,active,1
HUS,25000001,HUS-7460108-2022,2025,20251,active,1
HUS,25000002,HUS-7460108-2022,2025,20251,active,1
HUS,25000003,HUS-7460108-2022,2025,20251,active,1
HUS,25000004,HUS-7460108-2022,2025,20251,active,1
HUS,25000005,HUS-7460108-2022,2025,20251,active,1
HUS,25000006,HUS-7460108-2022,2025,20251,active,1
HUS,25000007,HUS-7460108-2022,2025,20251,active,1
HUS,25000008,HUS-7460108-2022,2025,20251,active,1
HUS,25000009,HUS-7460108-2022,2025,20251,active,1
HUS,25000010,HUS-7460108-2022,2025,20251,active,1
HUS,25000011,HUS-7460108-2022,2025,20251,active,1
HUS,25000012,HUS-7460108-2022,2025,20251,active,1
HUS,25000013,HUS-7460108-2022,2025,20251,active,1
HUS,25000014,HUS-7460108-2022,2025,20251,active,1
HUS,25000015,HUS-7460108-2022,2025,20251,active,1
HUS,25000016,HUS-7460108-2022,2025,20251,active,1
HUS,25000017,HUS-7460108-2022,2025,20251,active,1
HUS,25000018,HUS-7460108-2022,2025,20251,active,1
HUS,25000019,HUS-7460108-2022,2025,20251,active,1
HUS,25000020,HUS-7460108-2022,2025,20251,active,1
HUS,25000021,HUS-7460108-2022,2025,20251,active,1
HUS,25000022,HUS-7460108-2022,2025,20251,active,1
HUS,25000023,HUS-7460108-2022,2025,20251,active,1
HUS,25000024,HUS-7460108-2022,2025,20251,active,1
HUS,25000025,HUS-7460108-2022,2025,20251,active,1
HUS,24000001,HUS-7460108-2022,2024,20241,active,1
HUS,24000002,HUS-7460108-2022,2024,20241,active,1
HUS,24000003,HUS-7460108-2022,2024,20241,active,1
HUS,24000004,HUS-7460108-2022,2024,20241,active,1
HUS,24000005,HUS-7460108-2022,2024,20241,active,1
HUS,24000006,HUS-7460108-2022,2024,20241,active,1
HUS,24000007,HUS-7460108-2022,2024,20241,active,1
HUS,24000008,HUS-7460108-2022,2024,20241,active,1
HUS,24000009,HUS-7460108-2022,2024,20241,active,1
HUS,24000010,HUS-7460108-2022,2024,20241,active,1
HUS,24000011,HUS-7460108-2022,2024,20241,active,1
HUS,24000012,HUS-7460108-2022,2024,20241,active,1
HUS,24000013,HUS-7460108-2022,2024,20241,active,1
HUS,24000014,HUS-7460108-2022,2024,20241,active,1
HUS,24000015,HUS-7460108-2022,2024,20241,active,1
HUS,24000016,HUS-7460108-2022,2024,20241,active,1
HUS,24000017,HUS-7460108-2022,2024,20241,active,1
HUS,24000018,HUS-7460108-2022,2024,20241,active,1
HUS,24000019,HUS-7460108-2022,2024,20241,active,1
HUS,24000020,HUS-7460108-2022,2024,20241,active,1
HUS,24000021,HUS-7460108-2022,2024,20241,active,1
HUS,24000022,HUS-7460108-2022,2024,20241,active,1
HUS,24000023,HUS-7460108-2022,2024,20241,active,1
HUS,24000024,HUS-7460108-2022,2024,20241,active,1
HUS,24000025,HUS-7460108-2022,2024,20241,active,1
HUS,23000001,HUS-7460108-2022,2023,20231,active,1
HUS,23000002,HUS-7460108-2022,2023,20231,active,1
HUS,23000003,HUS-7460108-2022,2023,20231,active,1
HUS,23000004,HUS-7460108-2022,2023,20231,active,1
HUS,23000005,HUS-7460108-2022,2023,20231,active,1
HUS,23000006,HUS-7460108-2022,2023,20231,active,1
HUS,23000007,HUS-7460108-2022,2023,20231,active,1
HUS,23000008,HUS-7460108-2022,2023,20231,active,1
HUS,23000009,HUS-7460108-2022,2023,20231,active,1
HUS,23000010,HUS-7460108-2022,2023,20231,active,1
HUS,23000011,HUS-7460108-2022,2023,20231,active,1
HUS,23000012,HUS-7460108-2022,2023,20231,active,1
HUS,23000013,HUS-7460108-2022,2023,20231,active,1
HUS,23000014,HUS-7460108-2022,2023,20231,active,1
HUS,23000015,HUS-7460108-2022,2023,20231,active,1
HUS,23000016,HUS-7460108-2022,2023,20231,active,1
HUS,23000017,HUS-7460108-2022,2023,20231,active,1
HUS,23000018,HUS-7460108-2022,2023,20231,active,1
HUS,23000019,HUS-7460108-2022,2023,20231,active,1
HUS,23000020,HUS-7460108-2022,2023,20231,active,1
HUS,23000021,HUS-7460108-2022,2023,20231,active,1
HUS,23000022,HUS-7460108-2022,2023,20231,active,1
HUS,23000023,HUS-7460108-2022,2023,20231,active,1
HUS,23000024,HUS-7460108-2022,2023,20231,active,1
HUS,23000025,HUS-7460108-2022,2023,20231,active,1
HUS,26000026,HUS-7480113QTD-2022,2026,20261,active,1
HUS,26000027,HUS-7480113QTD-2022,2026,20261,active,1
HUS,26000028,HUS-7480113QTD-2022,2026,20261,active,1
HUS,26000029,HUS-7480113QTD-2022,2026,20261,active,1
HUS,26000030,HUS-7480113QTD-2022,2026,20261,active,1
HUS,26000031,HUS-7480113QTD-2022,2026,20261,active,1
HUS,26000032,HUS-7480113QTD-2022,2026,20261,active,1
HUS,26000033,HUS-7480113QTD-2022,2026,20261,active,1
HUS,26000034,HUS-7480113QTD-2022,2026,20261,active,1
HUS,26000035,HUS-7480113QTD-2022,2026,20261,active,1
HUS,26000036,HUS-7480113QTD-2022,2026,20261,active,1
HUS,26000037,HUS-7480113QTD-2022,2026,20261,active,1
HUS,26000038,HUS-7480113QTD-2022,2026,20261,active,1
HUS,26000039,HUS-7480113QTD-2022,2026,20261,active,1
HUS,26000040,HUS-7480113QTD-2022,2026,20261,active,1
HUS,26000041,HUS-7480113QTD-2022,2026,20261,active,1
HUS,26000042,HUS-7480113QTD-2022,2026,20261,active,1
HUS,26000043,HUS-7480113QTD-2022,2026,20261,active,1
HUS,26000044,HUS-7480113QTD-2022,2026,20261,active,1
HUS,26000045,HUS-7480113QTD-2022,2026,20261,active,1
HUS,26000046,HUS-7480113QTD-2022,2026,20261,active,1
HUS,26000047,HUS-7480113QTD-2022,2026,20261,active,1
HUS,26000048,HUS-7480113QTD-2022,2026,20261,active,1
HUS,26000049,HUS-7480113QTD-2022,2026,20261,active,1
HUS,26000050,HUS-7480113QTD-2022,2026,20261,active,1
HUS,25000026,HUS-7480113QTD-2022,2025,20251,active,1
HUS,25000027,HUS-7480113QTD-2022,2025,20251,active,1
HUS,25000028,HUS-7480113QTD-2022,2025,20251,active,1
HUS,25000029,HUS-7480113QTD-2022,2025,20251,active,1
HUS,25000030,HUS-7480113QTD-2022,2025,20251,active,1
HUS,25000031,HUS-7480113QTD-2022,2025,20251,active,1
HUS,25000032,HUS-7480113QTD-2022,2025,20251,active,1
HUS,25000033,HUS-7480113QTD-2022,2025,20251,active,1
HUS,25000034,HUS-7480113QTD-2022,2025,20251,active,1
HUS,25000035,HUS-7480113QTD-2022,2025,20251,active,1
HUS,25000036,HUS-7480113QTD-2022,2025,20251,active,1
HUS,25000037,HUS-7480113QTD-2022,2025,20251,active,1
HUS,25000038,HUS-7480113QTD-2022,2025,20251,active,1
HUS,25000039,HUS-7480113QTD-2022,2025,20251,active,1
HUS,25000040,HUS-7480113QTD-2022,2025,20251,active,1
HUS,25000041,HUS-7480113QTD-2022,2025,20251,active,1
HUS,25000042,HUS-7480113QTD-2022,2025,20251,active,1
HUS,25000043,HUS-7480113QTD-2022,2025,20251,active,1
HUS,25000044,HUS-7480113QTD-2022,2025,20251,active,1
HUS,25000045,HUS-7480113QTD-2022,2025,20251,active,1
HUS,25000046,HUS-7480113QTD-2022,2025,20251,active,1
HUS,25000047,HUS-7480113QTD-2022,2025,20251,active,1
HUS,25000048,HUS-7480113QTD-2022,2025,20251,active,1
HUS,25000049,HUS-7480113QTD-2022,2025,20251,active,1
HUS,25000050,HUS-7480113QTD-2022,2025,20251,active,1
HUS,24000026,HUS-7480113QTD-2022,2024,20241,active,1
HUS,24000027,HUS-7480113QTD-2022,2024,20241,active,1
HUS,24000028,HUS-7480113QTD-2022,2024,20241,active,1
HUS,24000029,HUS-7480113QTD-2022,2024,20241,active,1
HUS,24000030,HUS-7480113QTD-2022,2024,20241,active,1
HUS,24000031,HUS-7480113QTD-2022,2024,20241,active,1
HUS,24000032,HUS-7480113QTD-2022,2024,20241,active,1
HUS,24000033,HUS-7480113QTD-2022,2024,20241,active,1
HUS,24000034,HUS-7480113QTD-2022,2024,20241,active,1
HUS,24000035,HUS-7480113QTD-2022,2024,20241,active,1
HUS,24000036,HUS-7480113QTD-2022,2024,20241,active,1
HUS,24000037,HUS-7480113QTD-2022,2024,20241,active,1
HUS,24000038,HUS-7480113QTD-2022,2024,20241,active,1
HUS,24000039,HUS-7480113QTD-2022,2024,20241,active,1
HUS,24000040,HUS-7480113QTD-2022,2024,20241,active,1
HUS,24000041,HUS-7480113QTD-2022,2024,20241,active,1
HUS,24000042,HUS-7480113QTD-2022,2024,20241,active,1
HUS,24000043,HUS-7480113QTD-2022,2024,20241,active,1
HUS,24000044,HUS-7480113QTD-2022,2024,20241,active,1
HUS,24000045,HUS-7480113QTD-2022,2024,20241,active,1
HUS,24000046,HUS-7480113QTD-2022,2024,20241,active,1
HUS,24000047,HUS-7480113QTD-2022,2024,20241,active,1
HUS,24000048,HUS-7480113QTD-2022,2024,20241,active,1
HUS,24000049,HUS-7480113QTD-2022,2024,20241,active,1
HUS,24000050,HUS-7480113QTD-2022,2024,20241,active,1
HUS,23000026,HUS-7480113QTD-2022,2023,20231,active,1
HUS,23000027,HUS-7480113QTD-2022,2023,20231,active,1
HUS,23000028,HUS-7480113QTD-2022,2023,20231,active,1
HUS,23000029,HUS-7480113QTD-2022,2023,20231,active,1
HUS,23000030,HUS-7480113QTD-2022,2023,20231,active,1
HUS,23000031,HUS-7480113QTD-2022,2023,20231,active,1
HUS,23000032,HUS-7480113QTD-2022,2023,20231,active,1
HUS,23000033,HUS-7480113QTD-2022,2023,20231,active,1
HUS,23000034,HUS-7480113QTD-2022,2023,20231,active,1
HUS,23000035,HUS-7480113QTD-2022,2023,20231,active,1
HUS,23000036,HUS-7480113QTD-2022,2023,20231,active,1
HUS,23000037,HUS-7480113QTD-2022,2023,20231,active,1
HUS,23000038,HUS-7480113QTD-2022,2023,20231,active,1
HUS,23000039,HUS-7480113QTD-2022,2023,20231,active,1
HUS,23000040,HUS-7480113QTD-2022,2023,20231,active,1
HUS,23000041,HUS-7480113QTD-2022,2023,20231,active,1
HUS,23000042,HUS-7480113QTD-2022,2023,20231,active,1
HUS,23000043,HUS-7480113QTD-2022,2023,20231,active,1
HUS,23000044,HUS-7480113QTD-2022,2023,20231,active,1
HUS,23000045,HUS-7480113QTD-2022,2023,20231,active,1
HUS,23000046,HUS-7480113QTD-2022,2023,20231,active,1
HUS,23000047,HUS-7480113QTD-2022,2023,20231,active,1
HUS,23000048,HUS-7480113QTD-2022,2023,20231,active,1
HUS,23000049,HUS-7480113QTD-2022,2023,20231,active,1
HUS,23000050,HUS-7480113QTD-2022,2023,20231,active,1
