university_code,course_code,skill_code,weight
HUS,PHI1006,ly_luan_chinh_tri,1.0
HUS,PEC1008,ly_luan_chinh_tri,1.0
HUS,PHI1002,ly_luan_chinh_tri,1.0
HUS,HIS1001,ly_luan_chinh_tri,1.0
HUS,POL1001,ly_luan_chinh_tri,1.0
HUS,THL1057,phap_luat,1.0
HUS,HUS1011,tin_hoc_co_ban,1.0
HUS,HUS1011,lap_trinh,1.0
HUS,FLF1107,ngoai_ngu,1.0
HUS,FLF1107,tieng_anh,1.0
HUS,FLF1207,ngoai_ngu,1.0
HUS,FLF1307,ngoai_ngu,1.0
HUS,FLF1407,ngoai_ngu,1.0
HUS,FLF1507,ngoai_ngu,1.0
HUS,FLF1607,ngoai_ngu,1.0
HUS,FLF1707,ngoai_ngu,1.0
HUS,HUS1012,ky_nang_mem,1.0
HUS,HUS1021,khoa_hoc_tu_nhien,1.0
HUS,HUS1022,iot,1.0
HUS,HUS1022,he_thong_nhung,1.0
HUS,HUS1023,phan_tich_du_lieu,1.0
HUS,HUS1023,xac_suat_thong_ke,1.0
HUS,HUS1024,robot,1.0
HUS,HUS1024,he_thong_nhung,1.0
HUS,HIS1056,van_hoa,1.0
HUS,MAT2505,lap_trinh,1.0
HUS,MAT2400,dai_so_tuyen_tinh,1.0
HUS,MAT2501,giai_tich,1.0
HUS,MAT2502,giai_tich,1.0
HUS,MAT2503,giai_tich,1.0
HUS,MAT2403,giai_tich,1.0
HUS,MAT2403,mo_hinh_hoa,1.0
HUS,MAT2323,xac_suat_thong_ke,1.0
HUS,MAT2407,toi_uu_hoa,1.0
HUS,MAT1204,phuong_phap_nghien_cuu,1.0
HUS,MAT1205E,tieng_anh,1.0
HUS,MAT1205E,tieng_anh_chuyen_nganh,1.0
HUS,MAT3500,toan_roi_rac,1.0
HUS,MAT3557,linux,1.0
HUS,MAT3557,he_dieu_hanh,1.0
HUS,MAT3550E,he_dieu_hanh,1.0
HUS,MAT3507,co_so_du_lieu,1.0
HUS,MAT1202,lap_trinh,1.0
HUS,MAT1202,lap_trinh_huong_doi_tuong,1.0
HUS,MAT3514,cau_truc_du_lieu,1.0
HUS,MAT3514,thuat_toan,1.0
HUS,MAT3552E,thuat_toan,1.0
HUS,MAT3505,kien_truc_may_tinh,1.0
HUS,MAT3373E,an_toan_thong_tin,1.0
HUS,MAT3506,mang_may_tinh,1.0
HUS,MAT1206E,tri_tue_nhan_tao,1.0
HUS,MAT3374,cong_nghe_phan_mem,1.0
HUS,MAT3374,lap_trinh,1.0
HUS,MAT1207,cong_nghe_phan_mem,1.0
HUS,MAT1207,thiet_ke_he_thong,1.0
HUS,MAT3541E,lap_trinh,1.0
HUS,MAT3541E,ly_thuyet_tinh_toan,1.0
HUS,MAT3533,hoc_may,1.0
HUS,MAT3533,xac_suat_thong_ke,1.0
HUS,MAT3519,lap_trinh,1.0
HUS,MAT3558,lap_trinh_di_dong,1.0
HUS,MAT3558,lap_trinh,1.0
HUS,MAT1208,he_thong_nhung,1.0
HUS,MAT1208,kien_truc_may_tinh,1.0
HUS,MAT3560,phat_trien_game,1.0
HUS,MAT3560,lap_trinh,1.0
HUS,MAT3148,tinh_toan_song_song,1.0
HUS,MAT3148,thuat_toan,1.0
HUS,MAT3554E,ly_thuyet_tinh_toan,1.0
HUS,MAT3554E,toan_roi_rac,1.0
HUS,MAT3562E,thi_giac_may_tinh,1.0
HUS,MAT3562E,hoc_may,1.0
HUS,MAT3561E,xu_ly_ngon_ngu_tu_nhien,1.0
HUS,MAT3561E,hoc_may,1.0
HUS,MAT3563,thi_giac_may_tinh,1.0
HUS,MAT3563,phuong_phap_nghien_cuu,1.0
HUS,MAT3534,khai_pha_du_lieu,1.0
HUS,MAT3534,phan_tich_du_lieu,1.0
HUS,MAT3542,phat_trien_web,1.0
HUS,MAT3542,co_so_du_lieu,1.0
HUS,MAT3539,mat_ma,1.0
HUS,MAT3539,an_toan_thong_tin,1.0
HUS,MAT3452,thong_ke_nang_cao,1.0
HUS,MAT3452,phan_tich_du_lieu,1.0
HUS,MAT3453,thong_ke_nang_cao,1.0
HUS,MAT3453,xac_suat_thong_ke,1.0
HUS,MAT2034,giai_tich_so,1.0
HUS,MAT2034,giai_tich,1.0
HUS,MAT3538,he_tri_thuc,1.0
HUS,MAT3538,tri_tue_nhan_tao,1.0
HUS,MAT3535,tim_kiem_thong_tin,1.0
HUS,MAT3535,phan_tich_du_lieu,1.0
HUS,MAT4080,phuong_phap_nghien_cuu,1.0
HUS,MAT4080,thiet_ke_he_thong,1.0
HUS,MAT1203,thiet_ke_he_thong,1.0
HUS,MAT1203,cong_nghe_phan_mem,1.0
HUS,MAT3377,tri_tue_nhan_tao,1.0
HUS,MAT3377,hoc_may,1.0
HUS,MAT3378,du_lieu_lon,1.0
HUS,MAT3378,co_so_du_lieu,1.0
HUS,MAT3379,thong_ke_nang_cao,1.0
HUS,MAT3379,phan_tich_du_lieu,1.0
HUS,MAT3379,xac_suat_thong_ke,1.0
HUS,MAT3381,phan_tich_du_lieu,1.0
HUS,MAT3381,lap_trinh,1.0
HUS,MAT3381,hoc_may,1.0
HUS,MAT3382,lap_trinh,1.0
HUS,MAT3382,phan_tich_du_lieu,1.0
HUS,MAT3383,truc_quan_hoa,1.0
HUS,MAT3383,phan_tich_du_lieu,1.0
HUS,MAT1209,robot,1.0
HUS,MAT1209,tri_tue_nhan_tao,1.0
HUS,MAT3385,co_so_du_lieu,1.0
HUS,MAT3385,phat_trien_web,1.0
HUS,MAT3504,thuat_toan,1.0
HUS,MAT3508,tri_tue_nhan_tao,1.0
HUS,MAT3386,thong_ke_nang_cao,1.0
HUS,MAT3386,lap_trinh,1.0
HUS,MAT3387,thong_ke_nang_cao,1.0
HUS,MAT3387,xac_suat_thong_ke,1.0
HUS,MAT3388,chuoi_thoi_gian,1.0
HUS,MAT3388,thong_ke_nang_cao,1.0
HUS,MAT3389,thong_ke_nang_cao,1.0
HUS,MAT3389,phuong_phap_nghien_cuu,1.0
HUS,MAT3390,tin_sinh_hoc,1.0
HUS,MAT3390,phan_tich_du_lieu,1.0
HUS,MAT3391,he_thong_thong_tin_dia_ly,1.0
HUS,MAT3391,co_so_du_lieu,1.0
HUS,MAT3392,du_lieu_lon,1.0
HUS,MAT3392,phan_tich_du_lieu,1.0
HUS,MAT3393,khai_pha_du_lieu,1.0
HUS,MAT3393,hoc_may,1.0
HUS,MAT3394,mo_hinh_hoa,1.0
HUS,MAT3394,giai_tich,1.0
HUS,MAT3562,thi_giac_may_tinh,1.0
HUS,MAT3562,hoc_may,1.0
HUS,MAT3395,ly_thuyet_tro_choi,1.0
HUS,MAT3395,toi_uu_hoa,1.0
HUS,MAT3399,xu_ly_ngon_ngu_tu_nhien,1.0
HUS,MAT3399,hoc_sau,1.0
HUS,MAT3399,hoc_may,1.0
HUS,MAT4083,phuong_phap_nghien_cuu,1.0
HUS,MAT4083,phan_tich_du_lieu,1.0
HUS,MAT3397,phan_tich_du_lieu,1.0
HUS,MAT3397,hoc_may,1.0
HUS,MAT3398,mo_hinh_hoa,1.0
HUS,MAT3398,phan_tich_du_lieu,1.0
