university_code,course_code,topic_code,is_primary
HUS,PHI1006,chinh_tri_xa_hoi,1
HUS,PEC1008,chinh_tri_xa_hoi,1
HUS,PHI1002,chinh_tri_xa_hoi,1
HUS,HIS1001,chinh_tri_xa_hoi,1
HUS,POL1001,chinh_tri_xa_hoi,1
HUS,THL1057,chinh_tri_xa_hoi,1
HUS,HUS1011,lap_trinh,1
HUS,FLF1107,ngoai_ngu,1
HUS,FLF1207,ngoai_ngu,1
HUS,FLF1307,ngoai_ngu,1
HUS,FLF1407,ngoai_ngu,1
HUS,FLF1507,ngoai_ngu,1
HUS,FLF1607,ngoai_ngu,1
HUS,FLF1707,ngoai_ngu,1
HUS,HUS1012,khoa_hoc_chung,1
HUS,HUS1021,khoa_hoc_chung,1
HUS,HUS1022,he_thong,1
HUS,HUS1023,du_lieu,1
HUS,HUS1024,he_thong,1
HUS,HIS1056,chinh_tri_xa_hoi,1
HUS,MAT2505,lap_trinh,1
HUS,MAT2400,toan,1
HUS,MAT2501,toan,1
HUS,MAT2502,toan,1
HUS,MAT2503,toan,1
HUS,MAT2403,toan,1
HUS,MAT2323,toan,1
HUS,MAT2407,toan,1
HUS,MAT1204,khoa_hoc_chung,1
HUS,MAT1205E,ngoai_ngu,1
HUS,MAT3500,toan,1
HUS,MAT3557,he_thong,1
HUS,MAT3550E,he_thong,1
HUS,MAT3507,du_lieu,1
HUS,MAT1202,lap_trinh,1
HUS,MAT3514,lap_trinh,1
HUS,MAT3552E,lap_trinh,1
HUS,MAT3505,he_thong,1
HUS,MAT3373E,an_toan_thong_tin,1
HUS,MAT3506,he_thong,1
HUS,MAT1206E,tri_tue_nhan_tao,1
HUS,MAT3374,phan_mem,1
HUS,MAT1207,phan_mem,1
HUS,MAT3541E,lap_trinh,1
HUS,MAT3533,tri_tue_nhan_tao,1
HUS,MAT3519,lap_trinh,1
HUS,MAT3558,phan_mem,1
HUS,MAT1208,he_thong,1
HUS,MAT3560,phan_mem,1
HUS,MAT3148,he_thong,1
HUS,MAT3554E,toan,1
HUS,MAT3562E,tri_tue_nhan_tao,1
HUS,MAT3561E,tri_tue_nhan_tao,1
HUS,MAT3563,tri_tue_nhan_tao,1
HUS,MAT3534,du_lieu,1
HUS,MAT3542,phan_mem,1
HUS,MAT3539,an_toan_thong_tin,1
HUS,MAT3452,du_lieu,1
HUS,MAT3453,du_lieu,1
HUS,MAT2034,toan,1
HUS,MAT3538,tri_tue_nhan_tao,1
HUS,MAT3535,du_lieu,1
HUS,MAT4080,khoa_hoc_chung,1
HUS,MAT1203,phan_mem,1
HUS,MAT3377,tri_tue_nhan_tao,1
HUS,MAT3378,du_lieu,1
HUS,MAT3379,du_lieu,1
HUS,MAT3381,du_lieu,1
HUS,MAT3382,lap_trinh,1
HUS,MAT3383,du_lieu,1
HUS,MAT1209,he_thong,1
HUS,MAT3385,phan_mem,1
HUS,MAT3504,lap_trinh,1
HUS,MAT3508,tri_tue_nhan_tao,1
HUS,MAT3386,du_lieu,1
HUS,MAT3387,du_lieu,1
HUS,MAT3388,du_lieu,1
HUS,MAT3389,du_lieu,1
HUS,MAT3390,du_lieu,1
HUS,MAT3391,du_lieu,1
HUS,MAT3392,du_lieu,1
HUS,MAT3393,du_lieu,1
HUS,MAT3394,toan,1
HUS,MAT3562,tri_tue_nhan_tao,1
HUS,MAT3395,toan,1
HUS,MAT3399,tri_tue_nhan_tao,1
HUS,MAT4083,khoa_hoc_chung,1
HUS,MAT3397,du_lieu,1
HUS,MAT3398,du_lieu,1
