curriculum_code,block_code,course_code,sort_no,recommended_semester,recommended_semester_source,note
HUS-7480113QTD-2022,I.1,PHI1006,1,1,TEAM_ASSUMPTION,
HUS-7480113QTD-2022,I.1,PEC1008,2,2,TEAM_ASSUMPTION,
HUS-7480113QTD-2022,I.1,PHI1002,3,3,TEAM_ASSUMPTION,
HUS-7480113QTD-2022,I.1,HIS1001,4,4,TEAM_ASSUMPTION,
HUS-7480113QTD-2022,I.1,POL1001,5,5,TEAM_ASSUMPTION,
HUS-7480113QTD-2022,I.1,THL1057,6,6,TEAM_ASSUMPTION,
HUS-7480113QTD-2022,I.1,HUS1011,7,1,TEAM_ASSUMPTION,
HUS-7480113QTD-2022,I.2,FLF1107,8,2,TEAM_ASSUMPTION,
HUS-7480113QTD-2022,I.2,FLF1207,9,2,TEAM_ASSUMPTION,
HUS-7480113QTD-2022,I.2,FLF1307,10,2,TEAM_ASSUMPTION,
HUS-7480113QTD-2022,I.2,FLF1407,11,2,TEAM_ASSUMPTION,
HUS-7480113QTD-2022,I.2,FLF1507,12,2,TEAM_ASSUMPTION,
HUS-7480113QTD-2022,I.2,FLF1607,13,2,TEAM_ASSUMPTION,
HUS-7480113QTD-2022,I.2,FLF1707,14,2,TEAM_ASSUMPTION,
HUS-7480113QTD-2022,I.3,HUS1012,15,3,TEAM_ASSUMPTION,
HUS-7480113QTD-2022,II,HUS1021,16,3,TEAM_ASSUMPTION,
HUS-7480113QTD-2022,II,HUS1022,17,2,TEAM_ASSUMPTION,
HUS-7480113QTD-2022,II,HUS1023,18,2,TEAM_ASSUMPTION,
HUS-7480113QTD-2022,II,HUS1024,19,3,TEAM_ASSUMPTION,
HUS-7480113QTD-2022,II,HIS1056,20,3,TEAM_ASSUMPTION,
HUS-7480113QTD-2022,III,MAT2505,21,2,TEAM_ASSUMPTION,
HUS-7480113QTD-2022,IV,MAT2400,22,1,TEAM_ASSUMPTION,
HUS-7480113QTD-2022,IV,MAT2501,23,1,TEAM_ASSUMPTION,
HUS-7480113QTD-2022,IV,MAT2502,24,2,TEAM_ASSUMPTION,
HUS-7480113QTD-2022,IV,MAT2503,25,3,TEAM_ASSUMPTION,
HUS-7480113QTD-2022,IV,MAT2403,26,4,TEAM_ASSUMPTION,
HUS-7480113QTD-2022,IV,MAT2323,27,3,TEAM_ASSUMPTION,
HUS-7480113QTD-2022,IV,MAT2407,28,5,TEAM_ASSUMPTION,
HUS-7480113QTD-2022,IV,MAT1204,29,6,TEAM_ASSUMPTION,
HUS-7480113QTD-2022,V.1,MAT1205E,30,4,TEAM_ASSUMPTION,
HUS-7480113QTD-2022,V.1,MAT3500,31,1,TEAM_ASSUMPTION,
HUS-7480113QTD-2022,V.1,MAT3557,32,2,TEAM_ASSUMPTION,
HUS-7480113QTD-2022,V.1,MAT3550E,33,4,TEAM_ASSUMPTION,
HUS-7480113QTD-2022,V.1,MAT3507,34,4,TEAM_ASSUMPTION,
HUS-7480113QTD-2022,V.1,MAT1202,35,3,TEAM_ASSUMPTION,
HUS-7480113QTD-2022,V.1,MAT3514,36,3,TEAM_ASSUMPTION,
HUS-7480113QTD-2022,V.1,MAT3552E,37,5,TEAM_ASSUMPTION,
HUS-7480113QTD-2022,V.1,MAT3505,38,4,TEAM_ASSUMPTION,
HUS-7480113QTD-2022,V.1,MAT3373E,39,6,TEAM_ASSUMPTION,
HUS-7480113QTD-2022,V.1,MAT3506,40,5,TEAM_ASSUMPTION,
HUS-7480113QTD-2022,V.1,MAT1206E,41,5,TEAM_ASSUMPTION,
HUS-7480113QTD-2022,V.1,MAT3374,42,6,TEAM_ASSUMPTION,
HUS-7480113QTD-2022,V.1,MAT1207,43,7,TEAM_ASSUMPTION,
HUS-7480113QTD-2022,V.1,MAT3541E,44,6,TEAM_ASSUMPTION,
HUS-7480113QTD-2022,V.1,MAT3533,45,5,TEAM_ASSUMPTION,
HUS-7480113QTD-2022,V.2.1,MAT3519,46,6,TEAM_ASSUMPTION,
HUS-7480113QTD-2022,V.2.1,MAT3558,47,6,TEAM_ASSUMPTION,
HUS-7480113QTD-2022,V.2.1,MAT1208,48,6,TEAM_ASSUMPTION,
HUS-7480113QTD-2022,V.2.1,MAT3560,49,6,TEAM_ASSUMPTION,
HUS-7480113QTD-2022,V.2.2,MAT3148,50,7,TEAM_ASSUMPTION,
HUS-7480113QTD-2022,V.2.2,MAT3554E,51,7,TEAM_ASSUMPTION,
HUS-7480113QTD-2022,V.2.2,MAT3562E,52,7,TEAM_ASSUMPTION,
HUS-7480113QTD-2022,V.2.2,MAT3561E,53,7,TEAM_ASSUMPTION,
HUS-7480113QTD-2022,V.2.2,MAT3563,54,8,TEAM_ASSUMPTION,
HUS-7480113QTD-2022,V.2.2,MAT3534,55,7,TEAM_ASSUMPTION,
HUS-7480113QTD-2022,V.2.2,MAT3542,56,7,TEAM_ASSUMPTION,
HUS-7480113QTD-2022,V.2.2,MAT3539,57,7,TEAM_ASSUMPTION,
HUS-7480113QTD-2022,V.2.2,MAT3452,58,7,TEAM_ASSUMPTION,
HUS-7480113QTD-2022,V.2.2,MAT3453,59,7,TEAM_ASSUMPTION,
HUS-7480113QTD-2022,V.2.2,MAT2034,60,7,TEAM_ASSUMPTION,
HUS-7480113QTD-2022,V.2.2,MAT3538,61,7,TEAM_ASSUMPTION,
HUS-7480113QTD-2022,V.2.2,MAT3535,62,7,TEAM_ASSUMPTION,
HUS-7480113QTD-2022,V.3,MAT4080,63,8,TEAM_ASSUMPTION,
HUS-7480113QTD-2022,V.3,MAT1203,64,8,TEAM_ASSUMPTION,
HUS-7480113QTD-2022,V.3,MAT3377,65,8,TEAM_ASSUMPTION,
HUS-7460108-2022,I.1,PHI1006,1,1,TEAM_ASSUMPTION,
HUS-7460108-2022,I.1,PEC1008,2,2,TEAM_ASSUMPTION,
HUS-7460108-2022,I.1,PHI1002,3,3,TEAM_ASSUMPTION,
HUS-7460108-2022,I.1,HIS1001,4,4,TEAM_ASSUMPTION,
HUS-7460108-2022,I.1,POL1001,5,5,TEAM_ASSUMPTION,
HUS-7460108-2022,I.1,THL1057,6,6,TEAM_ASSUMPTION,
HUS-7460108-2022,I.1,HUS1011,7,1,TEAM_ASSUMPTION,
HUS-7460108-2022,I.2,FLF1107,8,2,TEAM_ASSUMPTION,
HUS-7460108-2022,I.2,FLF1207,9,2,TEAM_ASSUMPTION,
HUS-7460108-2022,I.2,FLF1307,10,2,TEAM_ASSUMPTION,
HUS-7460108-2022,I.2,FLF1407,11,2,TEAM_ASSUMPTION,
HUS-7460108-2022,I.2,FLF1507,12,2,TEAM_ASSUMPTION,
HUS-7460108-2022,I.2,FLF1607,13,2,TEAM_ASSUMPTION,
HUS-7460108-2022,I.2,FLF1707,14,2,TEAM_ASSUMPTION,
HUS-7460108-2022,I.3,HUS1012,15,3,TEAM_ASSUMPTION,
HUS-7460108-2022,II,HUS1021,16,3,TEAM_ASSUMPTION,
HUS-7460108-2022,II,HUS1022,17,2,TEAM_ASSUMPTION,
HUS-7460108-2022,II,HUS1023,18,2,TEAM_ASSUMPTION,
HUS-7460108-2022,II,HUS1024,19,3,TEAM_ASSUMPTION,
HUS-7460108-2022,II,HIS1056,20,3,TEAM_ASSUMPTION,
HUS-7460108-2022,III,MAT2505,21,2,TEAM_ASSUMPTION,
HUS-7460108-2022,IV,MAT2400,22,1,TEAM_ASSUMPTION,
HUS-7460108-2022,IV,MAT2501,23,1,TEAM_ASSUMPTION,
HUS-7460108-2022,IV,MAT2502,24,2,TEAM_ASSUMPTION,
HUS-7460108-2022,IV,MAT2503,25,3,TEAM_ASSUMPTION,
HUS-7460108-2022,IV,MAT2403,26,4,TEAM_ASSUMPTION,
HUS-7460108-2022,IV,MAT2323,27,3,TEAM_ASSUMPTION,
HUS-7460108-2022,IV,MAT2407,28,5,TEAM_ASSUMPTION,
HUS-7460108-2022,IV,MAT1204,29,5,TEAM_ASSUMPTION,
HUS-7460108-2022,V.1,MAT2034,30,5,TEAM_ASSUMPTION,
HUS-7460108-2022,V.1,MAT3500,31,1,TEAM_ASSUMPTION,
HUS-7460108-2022,V.1,MAT3557,32,2,TEAM_ASSUMPTION,
HUS-7460108-2022,V.1,MAT1202,33,3,TEAM_ASSUMPTION,
HUS-7460108-2022,V.1,MAT3514,34,3,TEAM_ASSUMPTION,
HUS-7460108-2022,V.1,MAT3507,35,4,TEAM_ASSUMPTION,
HUS-7460108-2022,V.1,MAT3378,36,5,TEAM_ASSUMPTION,
HUS-7460108-2022,V.1,MAT3148,37,4,TEAM_ASSUMPTION,
HUS-7460108-2022,V.1,MAT3379,38,4,TEAM_ASSUMPTION,
HUS-7460108-2022,V.1,MAT3533,39,4,TEAM_ASSUMPTION,
HUS-7460108-2022,V.1,MAT3381,40,6,TEAM_ASSUMPTION,
HUS-7460108-2022,V.2.1,MAT3382,41,5,TEAM_ASSUMPTION,
HUS-7460108-2022,V.2.1,MAT3383,42,5,TEAM_ASSUMPTION,
HUS-7460108-2022,V.2.1,MAT1209,43,5,TEAM_ASSUMPTION,
HUS-7460108-2022,V.2.2,MAT3385,44,7,TEAM_ASSUMPTION,
HUS-7460108-2022,V.2.2,MAT3504,45,7,TEAM_ASSUMPTION,
HUS-7460108-2022,V.2.2,MAT3508,46,7,TEAM_ASSUMPTION,
HUS-7460108-2022,V.2.3,MAT3534,47,6,TEAM_ASSUMPTION,
HUS-7460108-2022,V.2.3,MAT3386,48,6,TEAM_ASSUMPTION,
HUS-7460108-2022,V.2.3,MAT3387,49,6,TEAM_ASSUMPTION,
HUS-7460108-2022,V.2.3,MAT3388,50,6,TEAM_ASSUMPTION,
HUS-7460108-2022,V.2.3,MAT3389,51,6,TEAM_ASSUMPTION,
HUS-7460108-2022,V.2.4,MAT3390,52,7,TEAM_ASSUMPTION,
HUS-7460108-2022,V.2.4,MAT3391,53,7,TEAM_ASSUMPTION,
HUS-7460108-2022,V.2.4,MAT3392,54,7,TEAM_ASSUMPTION,
HUS-7460108-2022,V.2.4,MAT3393,55,7,TEAM_ASSUMPTION,
HUS-7460108-2022,V.2.4,MAT3394,56,7,TEAM_ASSUMPTION,
HUS-7460108-2022,V.2.4,MAT3562,57,7,TEAM_ASSUMPTION,
HUS-7460108-2022,V.2.4,MAT3395,58,7,TEAM_ASSUMPTION,
HUS-7460108-2022,V.2.4,MAT3535,59,7,TEAM_ASSUMPTION,
HUS-7460108-2022,V.2.4,MAT3399,60,7,TEAM_ASSUMPTION,
HUS-7460108-2022,V.3,MAT4083,61,8,TEAM_ASSUMPTION,
HUS-7460108-2022,V.3,MAT3397,62,8,TEAM_ASSUMPTION,
HUS-7460108-2022,V.3,MAT3398,63,8,TEAM_ASSUMPTION,
