curriculum_code,course_code,group_no,required_course_code,requirement_type
HUS-7480113QTD-2022,PEC1008,1,PHI1006,prerequisite
HUS-7480113QTD-2022,PHI1002,1,PHI1006,prerequisite
HUS-7480113QTD-2022,MAT2505,1,HUS1011,prerequisite
HUS-7480113QTD-2022,MAT2502,1,MAT2501,prerequisite
HUS-7480113QTD-2022,MAT2503,1,MAT2502,prerequisite
HUS-7480113QTD-2022,MAT2403,1,MAT2400,prerequisite
HUS-7480113QTD-2022,MAT2403,2,MAT2501,prerequisite
HUS-7480113QTD-2022,MAT2323,1,MAT2502,prerequisite
HUS-7480113QTD-2022,MAT2407,1,MAT2301,prerequisite
HUS-7480113QTD-2022,MAT2407,1,MAT2321,prerequisite
HUS-7480113QTD-2022,MAT2407,1,MAT2400,prerequisite
HUS-7480113QTD-2022,MAT2407,2,MAT2303,prerequisite
HUS-7480113QTD-2022,MAT2407,2,MAT2502,prerequisite
HUS-7480113QTD-2022,MAT1204,1,MAT3507,prerequisite
HUS-7480113QTD-2022,MAT1204,2,MAT3514,prerequisite
HUS-7480113QTD-2022,MAT1205E,1,FLF1107,prerequisite
HUS-7480113QTD-2022,MAT3550E,1,MAT2505,prerequisite
HUS-7480113QTD-2022,MAT3507,1,MAT2505,prerequisite
HUS-7480113QTD-2022,MAT1202,1,MAT2505,prerequisite
HUS-7480113QTD-2022,MAT3514,1,MAT2505,prerequisite
HUS-7480113QTD-2022,MAT3552E,1,MAT3514,prerequisite
HUS-7480113QTD-2022,MAT3505,1,MAT2505,prerequisite
HUS-7480113QTD-2022,MAT3505,2,MAT3557,prerequisite
HUS-7480113QTD-2022,MAT3373E,1,MAT2505,prerequisite
HUS-7480113QTD-2022,MAT3506,1,MAT2505,prerequisite
HUS-7480113QTD-2022,MAT1206E,1,MAT3507,prerequisite
HUS-7480113QTD-2022,MAT1206E,2,MAT1202,prerequisite
HUS-7480113QTD-2022,MAT3374,1,MAT1202,prerequisite
HUS-7480113QTD-2022,MAT3374,2,MAT3507,prerequisite
HUS-7480113QTD-2022,MAT1207,1,MAT3374,prerequisite
HUS-7480113QTD-2022,MAT3541E,1,MAT1202,prerequisite
HUS-7480113QTD-2022,MAT3533,1,MAT2406,prerequisite
HUS-7480113QTD-2022,MAT3533,1,MAT2323,prerequisite
HUS-7480113QTD-2022,MAT3519,1,MAT2505,prerequisite
HUS-7480113QTD-2022,MAT3558,1,MAT2505,prerequisite
HUS-7480113QTD-2022,MAT1208,1,MAT1202,prerequisite
HUS-7480113QTD-2022,MAT1208,2,MAT3505,prerequisite
HUS-7480113QTD-2022,MAT3560,1,MAT2505,prerequisite
HUS-7480113QTD-2022,MAT3148,1,MAT3514,prerequisite
HUS-7480113QTD-2022,MAT3554E,1,MAT2505,prerequisite
HUS-7480113QTD-2022,MAT3554E,2,MAT3500,prerequisite
HUS-7480113QTD-2022,MAT3562E,1,MAT3533,prerequisite
HUS-7480113QTD-2022,MAT3562E,2,MAT2400,prerequisite
HUS-7480113QTD-2022,MAT3561E,1,MAT3533,prerequisite
HUS-7480113QTD-2022,MAT3563,1,MAT3562E,prerequisite
HUS-7480113QTD-2022,MAT3534,1,MAT3507,prerequisite
HUS-7480113QTD-2022,MAT3534,2,MAT2323,prerequisite
HUS-7480113QTD-2022,MAT3542,1,MAT1202,prerequisite
HUS-7480113QTD-2022,MAT3542,2,MAT3507,prerequisite
HUS-7480113QTD-2022,MAT3539,1,MAT2301,prerequisite
HUS-7480113QTD-2022,MAT3539,1,MAT2400,prerequisite
HUS-7480113QTD-2022,MAT3539,2,MAT2316,prerequisite
HUS-7480113QTD-2022,MAT3539,2,MAT2505,prerequisite
HUS-7480113QTD-2022,MAT3539,2,MAT2318,prerequisite
HUS-7480113QTD-2022,MAT3539,2,MAT2319,prerequisite
HUS-7480113QTD-2022,MAT3452,1,MAT2311,prerequisite
HUS-7480113QTD-2022,MAT3452,1,MAT2406,prerequisite
HUS-7480113QTD-2022,MAT3452,1,MAT2323,prerequisite
HUS-7480113QTD-2022,MAT3453,1,MAT2323,prerequisite
HUS-7480113QTD-2022,MAT2034,1,MAT2502,prerequisite
HUS-7480113QTD-2022,MAT2034,2,MAT2403,prerequisite
HUS-7480113QTD-2022,MAT3538,1,MAT1206E,prerequisite
HUS-7480113QTD-2022,MAT3538,2,MAT3514,prerequisite
HUS-7480113QTD-2022,MAT3535,1,MAT3514,prerequisite
HUS-7480113QTD-2022,MAT3535,2,MAT2323,prerequisite
HUS-7480113QTD-2022,MAT1203,1,MAT3374,prerequisite
HUS-7480113QTD-2022,MAT1203,2,MAT3552E,prerequisite
HUS-7480113QTD-2022,MAT1203,3,MAT1207,prerequisite
HUS-7480113QTD-2022,MAT3377,1,MAT1206E,prerequisite
HUS-7460108-2022,PEC1008,1,PHI1006,prerequisite
HUS-7460108-2022,PHI1002,1,PHI1006,prerequisite
HUS-7460108-2022,MAT2505,1,HUS1011,prerequisite
HUS-7460108-2022,MAT2502,1,MAT2501,prerequisite
HUS-7460108-2022,MAT2503,1,MAT2502,prerequisite
HUS-7460108-2022,MAT2403,1,MAT2400,prerequisite
HUS-7460108-2022,MAT2403,2,MAT2501,prerequisite
HUS-7460108-2022,MAT2323,1,MAT2502,prerequisite
HUS-7460108-2022,MAT2407,1,MAT2301,prerequisite
HUS-7460108-2022,MAT2407,1,MAT2321,prerequisite
HUS-7460108-2022,MAT2407,1,MAT2400,prerequisite
HUS-7460108-2022,MAT2407,2,MAT2303,prerequisite
HUS-7460108-2022,MAT2407,2,MAT2502,prerequisite
HUS-7460108-2022,MAT1204,1,MAT3507,prerequisite
HUS-7460108-2022,MAT1204,2,MAT3514,prerequisite
HUS-7460108-2022,MAT2034,1,MAT2502,prerequisite
HUS-7460108-2022,MAT2034,2,MAT2403,prerequisite
HUS-7460108-2022,MAT1202,1,MAT2505,prerequisite
HUS-7460108-2022,MAT3514,1,MAT2505,prerequisite
HUS-7460108-2022,MAT3507,1,MAT2505,prerequisite
HUS-7460108-2022,MAT3378,1,MAT3507,prerequisite
HUS-7460108-2022,MAT3378,2,MAT1202,prerequisite
HUS-7460108-2022,MAT3148,1,MAT3514,prerequisite
HUS-7460108-2022,MAT3379,1,MAT2323,prerequisite
HUS-7460108-2022,MAT3379,2,MAT2400,prerequisite
HUS-7460108-2022,MAT3379,3,MAT2505,prerequisite
HUS-7460108-2022,MAT3533,1,MAT2406,prerequisite
HUS-7460108-2022,MAT3533,1,MAT2323,prerequisite
HUS-7460108-2022,MAT3381,1,MAT1202,prerequisite
HUS-7460108-2022,MAT3381,2,MAT3507,prerequisite
HUS-7460108-2022,MAT3381,3,MAT3378,prerequisite
HUS-7460108-2022,MAT3382,1,MAT3514,prerequisite
HUS-7460108-2022,MAT1209,1,MAT3533,prerequisite
HUS-7460108-2022,MAT3385,1,MAT1202,prerequisite
HUS-7460108-2022,MAT3385,2,MAT3507,prerequisite
HUS-7460108-2022,MAT3504,1,MAT3514,prerequisite
HUS-7460108-2022,MAT3508,1,MAT3507,prerequisite
HUS-7460108-2022,MAT3508,2,MAT1202,prerequisite
HUS-7460108-2022,MAT3534,1,MAT3507,prerequisite
HUS-7460108-2022,MAT3534,2,MAT2323,prerequisite
HUS-7460108-2022,MAT3386,1,MAT2323,prerequisite
HUS-7460108-2022,MAT3387,1,MAT2323,prerequisite
HUS-7460108-2022,MAT3388,1,MAT2323,prerequisite
HUS-7460108-2022,MAT3389,1,MAT2323,prerequisite
HUS-7460108-2022,MAT3390,1,MAT2505,prerequisite
HUS-7460108-2022,MAT3390,2,MAT3514,prerequisite
HUS-7460108-2022,MAT3391,1,MAT3507,prerequisite
HUS-7460108-2022,MAT3392,1,MAT3507,prerequisite
HUS-7460108-2022,MAT3392,2,MAT2323,prerequisite
HUS-7460108-2022,MAT3393,1,MAT3533,prerequisite
HUS-7460108-2022,MAT3394,1,MAT2403,prerequisite
HUS-7460108-2022,MAT3562,1,MAT2301,prerequisite
HUS-7460108-2022,MAT3562,1,MAT2400,prerequisite
HUS-7460108-2022,MAT3562,2,MAT3533,prerequisite
HUS-7460108-2022,MAT3395,1,MAT2323,prerequisite
HUS-7460108-2022,MAT3535,1,MAT3514,prerequisite
HUS-7460108-2022,MAT3535,2,MAT2323,prerequisite
HUS-7460108-2022,MAT3399,1,MAT3533,prerequisite
HUS-7460108-2022,MAT3397,1,MAT3533,prerequisite
HUS-7460108-2022,MAT3398,1,MAT3533,prerequisite
