code,name
an_toan_thong_tin,An toàn thông tin
cau_truc_du_lieu,Cấu trúc dữ liệu
chuoi_thoi_gian,Chuỗi thời gian
co_so_du_lieu,Cơ sở dữ liệu
cong_nghe_phan_mem,Công nghệ phần mềm
dai_so_tuyen_tinh,Đại số tuyến tính
du_lieu_lon,Dữ liệu lớn
giai_tich,Giải tích
giai_tich_so,Giải tích số
he_dieu_hanh,Hệ điều hành
he_thong_nhung,Hệ thống nhúng
he_thong_thong_tin_dia_ly,Hệ thống thông tin địa lý
he_tri_thuc,Hệ tri thức
hoc_may,Học máy
hoc_sau,Học sâu
iot,Internet vạn vật
khai_pha_du_lieu,Khai phá dữ liệu
khoa_hoc_tu_nhien,Khoa học tự nhiên
kien_truc_may_tinh,Kiến trúc máy tính
ky_nang_mem,Kỹ năng mềm
lap_trinh,Lập trình
lap_trinh_di_dong,Lập trình di động
lap_trinh_huong_doi_tuong,Lập trình hướng đối tượng
linux,Linux
ly_luan_chinh_tri,Lý luận chính trị
ly_thuyet_tinh_toan,Lý thuyết tính toán
ly_thuyet_tro_choi,Lý thuyết trò chơi
mang_may_tinh,Mạng máy tính
mat_ma,Mật mã
mo_hinh_hoa,Mô hình hóa
ngoai_ngu,Ngoại ngữ
phan_tich_du_lieu,Phân tích dữ liệu
phap_luat,Pháp luật
phat_trien_game,Phát triển trò chơi
phat_trien_web,Phát triển web
phuong_phap_nghien_cuu,Phương pháp nghiên cứu
robot,Robot
thi_giac_may_tinh,Thị giác máy tính
thiet_ke_he_thong,Thiết kế hệ thống
thong_ke_nang_cao,Thống kê nâng cao
thuat_toan,Thuật toán
tieng_anh,Tiếng Anh
tieng_anh_chuyen_nganh,Tiếng Anh chuyên ngành
tim_kiem_thong_tin,Tìm kiếm thông tin
tin_hoc_co_ban,Tin học cơ bản
tin_sinh_hoc,Tin sinh học
tinh_toan_song_song,Tính toán song song
toan_roi_rac,Toán rời rạc
toi_uu_hoa,Tối ưu hóa
tri_tue_nhan_tao,Trí tuệ nhân tạo
truc_quan_hoa,Trực quan hóa dữ liệu
van_hoa,Văn hóa
xac_suat_thong_ke,Xác suất thống kê
xu_ly_ngon_ngu_tu_nhien,Xử lý ngôn ngữ tự nhiên
