university_code,code,academic_year_code,term_no,name,start_date,end_date
HUS,20221,2022-2023,1,Học kỳ 1 năm học 2022–2023,,
HUS,20222,2022-2023,2,Học kỳ 2 năm học 2022–2023,,
HUS,20223,2022-2023,3,Học kỳ hè năm học 2022–2023,,
HUS,20231,2023-2024,1,Học kỳ 1 năm học 2023–2024,,
HUS,20232,2023-2024,2,Học kỳ 2 năm học 2023–2024,,
HUS,20233,2023-2024,3,Học kỳ hè năm học 2023–2024,,
HUS,20241,2024-2025,1,Học kỳ 1 năm học 2024–2025,,
HUS,20242,2024-2025,2,Học kỳ 2 năm học 2024–2025,,
HUS,20243,2024-2025,3,Học kỳ hè năm học 2024–2025,,
HUS,20251,2025-2026,1,Học kỳ 1 năm học 2025–2026,,
HUS,20252,2025-2026,2,Học kỳ 2 năm học 2025–2026,,
HUS,20253,2025-2026,3,Học kỳ hè năm học 2025–2026,,
HUS,20261,2026-2027,1,Học kỳ 1 năm học 2026–2027,,
HUS,20262,2026-2027,2,Học kỳ 2 năm học 2026–2027,,
HUS,20263,2026-2027,3,Học kỳ hè năm học 2026–2027,,
